kind,player,date,name,calls,total_ms,avg_ms,max_ms
lag,lgw,Year 1, spring 1, Monday,2,3411.5
lag,lgw,Year 1, spring 1, Monday,22,375.0
lag,lgw,Year 1, spring 1, Monday,3865,175.4
lag,lgw,Year 1, spring 1, Monday,3892,58.9
lag,lgw,Year 1, spring 1, Monday,5704,132.2
frame,lgw,Year 1, spring 1, Monday,5120,0.1
frame,lgw,Year 1, spring 1, Monday,5121,21.3
frame,lgw,Year 1, spring 1, Monday,5122,21.0
frame,lgw,Year 1, spring 1, Monday,5123,21.1
frame,lgw,Year 1, spring 1, Monday,5124,20.7
frame,lgw,Year 1, spring 1, Monday,5125,0.1
frame,lgw,Year 1, spring 1, Monday,5126,20.9
frame,lgw,Year 1, spring 1, Monday,5127,21.8
frame,lgw,Year 1, spring 1, Monday,5128,21.9
frame,lgw,Year 1, spring 1, Monday,5129,0.1
frame,lgw,Year 1, spring 1, Monday,5130,21.3
frame,lgw,Year 1, spring 1, Monday,5131,21.3
frame,lgw,Year 1, spring 1, Monday,5132,21.0
frame,lgw,Year 1, spring 1, Monday,5133,21.2
frame,lgw,Year 1, spring 1, Monday,5134,0.1
frame,lgw,Year 1, spring 1, Monday,5135,21.1
frame,lgw,Year 1, spring 1, Monday,5136,21.2
frame,lgw,Year 1, spring 1, Monday,5137,21.1
frame,lgw,Year 1, spring 1, Monday,5138,22.0
frame,lgw,Year 1, spring 1, Monday,5139,0.1
frame,lgw,Year 1, spring 1, Monday,5140,21.2
frame,lgw,Year 1, spring 1, Monday,5141,21.3
frame,lgw,Year 1, spring 1, Monday,5142,21.8
frame,lgw,Year 1, spring 1, Monday,5143,0.1
frame,lgw,Year 1, spring 1, Monday,5144,20.9
frame,lgw,Year 1, spring 1, Monday,5145,20.9
frame,lgw,Year 1, spring 1, Monday,5146,21.1
frame,lgw,Year 1, spring 1, Monday,5147,21.6
frame,lgw,Year 1, spring 1, Monday,5148,0.1
frame,lgw,Year 1, spring 1, Monday,5149,21.3
frame,lgw,Year 1, spring 1, Monday,5150,21.0
frame,lgw,Year 1, spring 1, Monday,5151,21.3
frame,lgw,Year 1, spring 1, Monday,5152,0.1
frame,lgw,Year 1, spring 1, Monday,5153,21.7
frame,lgw,Year 1, spring 1, Monday,5154,21.1
frame,lgw,Year 1, spring 1, Monday,5155,21.3
frame,lgw,Year 1, spring 1, Monday,5156,21.2
frame,lgw,Year 1, spring 1, Monday,5157,0.1
frame,lgw,Year 1, spring 1, Monday,5158,21.1
frame,lgw,Year 1, spring 1, Monday,5159,21.0
frame,lgw,Year 1, spring 1, Monday,5160,20.9
frame,lgw,Year 1, spring 1, Monday,5161,21.4
frame,lgw,Year 1, spring 1, Monday,5162,0.2
frame,lgw,Year 1, spring 1, Monday,5163,21.2
frame,lgw,Year 1, spring 1, Monday,5164,21.5
frame,lgw,Year 1, spring 1, Monday,5165,21.0
frame,lgw,Year 1, spring 1, Monday,5166,0.1
frame,lgw,Year 1, spring 1, Monday,5167,21.3
frame,lgw,Year 1, spring 1, Monday,5168,21.1
frame,lgw,Year 1, spring 1, Monday,5169,20.9
frame,lgw,Year 1, spring 1, Monday,5170,20.9
frame,lgw,Year 1, spring 1, Monday,5171,0.1
frame,lgw,Year 1, spring 1, Monday,5172,21.2
frame,lgw,Year 1, spring 1, Monday,5173,21.3
frame,lgw,Year 1, spring 1, Monday,5174,22.4
frame,lgw,Year 1, spring 1, Monday,5175,0.1
frame,lgw,Year 1, spring 1, Monday,5176,21.0
frame,lgw,Year 1, spring 1, Monday,5177,21.3
frame,lgw,Year 1, spring 1, Monday,5178,20.9
frame,lgw,Year 1, spring 1, Monday,5179,21.2
frame,lgw,Year 1, spring 1, Monday,5180,0.1
frame,lgw,Year 1, spring 1, Monday,5181,21.4
frame,lgw,Year 1, spring 1, Monday,5182,21.3
frame,lgw,Year 1, spring 1, Monday,5183,21.1
frame,lgw,Year 1, spring 1, Monday,5184,21.3
frame,lgw,Year 1, spring 1, Monday,5185,0.1
frame,lgw,Year 1, spring 1, Monday,5186,20.9
frame,lgw,Year 1, spring 1, Monday,5187,21.2
frame,lgw,Year 1, spring 1, Monday,5188,22.6
frame,lgw,Year 1, spring 1, Monday,5189,0.1
frame,lgw,Year 1, spring 1, Monday,5190,21.4
frame,lgw,Year 1, spring 1, Monday,5191,21.1
frame,lgw,Year 1, spring 1, Monday,5192,21.2
frame,lgw,Year 1, spring 1, Monday,5193,21.7
frame,lgw,Year 1, spring 1, Monday,5194,0.4
frame,lgw,Year 1, spring 1, Monday,5195,21.9
frame,lgw,Year 1, spring 1, Monday,5196,21.2
frame,lgw,Year 1, spring 1, Monday,5197,20.9
frame,lgw,Year 1, spring 1, Monday,5198,0.3
frame,lgw,Year 1, spring 1, Monday,5199,21.0
frame,lgw,Year 1, spring 1, Monday,5200,21.5
frame,lgw,Year 1, spring 1, Monday,5201,21.3
frame,lgw,Year 1, spring 1, Monday,5202,21.3
frame,lgw,Year 1, spring 1, Monday,5203,0.1
frame,lgw,Year 1, spring 1, Monday,5204,21.1
frame,lgw,Year 1, spring 1, Monday,5205,21.4
frame,lgw,Year 1, spring 1, Monday,5206,21.5
frame,lgw,Year 1, spring 1, Monday,5207,0.1
frame,lgw,Year 1, spring 1, Monday,5208,21.2
frame,lgw,Year 1, spring 1, Monday,5209,21.0
frame,lgw,Year 1, spring 1, Monday,5210,21.1
frame,lgw,Year 1, spring 1, Monday,5211,20.8
frame,lgw,Year 1, spring 1, Monday,5212,0.1
frame,lgw,Year 1, spring 1, Monday,5213,21.5
frame,lgw,Year 1, spring 1, Monday,5214,21.3
frame,lgw,Year 1, spring 1, Monday,5215,21.3
frame,lgw,Year 1, spring 1, Monday,5216,22.8
frame,lgw,Year 1, spring 1, Monday,5217,0.1
frame,lgw,Year 1, spring 1, Monday,5218,21.3
frame,lgw,Year 1, spring 1, Monday,5219,21.3
frame,lgw,Year 1, spring 1, Monday,5220,21.7
frame,lgw,Year 1, spring 1, Monday,5221,0.1
frame,lgw,Year 1, spring 1, Monday,5222,22.0
frame,lgw,Year 1, spring 1, Monday,5223,21.5
frame,lgw,Year 1, spring 1, Monday,5224,21.0
frame,lgw,Year 1, spring 1, Monday,5225,0.3
frame,lgw,Year 1, spring 1, Monday,5226,21.0
frame,lgw,Year 1, spring 1, Monday,5227,21.3
frame,lgw,Year 1, spring 1, Monday,5228,21.1
frame,lgw,Year 1, spring 1, Monday,5229,21.1
frame,lgw,Year 1, spring 1, Monday,5230,0.1
frame,lgw,Year 1, spring 1, Monday,5231,21.0
frame,lgw,Year 1, spring 1, Monday,5232,22.1
frame,lgw,Year 1, spring 1, Monday,5233,21.9
frame,lgw,Year 1, spring 1, Monday,5234,0.1
frame,lgw,Year 1, spring 1, Monday,5235,20.9
frame,lgw,Year 1, spring 1, Monday,5236,20.8
frame,lgw,Year 1, spring 1, Monday,5237,21.6
frame,lgw,Year 1, spring 1, Monday,5238,21.2
frame,lgw,Year 1, spring 1, Monday,5239,0.1
frame,lgw,Year 1, spring 1, Monday,5240,20.9
frame,lgw,Year 1, spring 1, Monday,5241,21.4
frame,lgw,Year 1, spring 1, Monday,5242,21.3
frame,lgw,Year 1, spring 1, Monday,5243,21.8
frame,lgw,Year 1, spring 1, Monday,5244,0.1
frame,lgw,Year 1, spring 1, Monday,5245,21.2
frame,lgw,Year 1, spring 1, Monday,5246,20.9
frame,lgw,Year 1, spring 1, Monday,5247,20.8
frame,lgw,Year 1, spring 1, Monday,5248,0.1
frame,lgw,Year 1, spring 1, Monday,5249,21.6
frame,lgw,Year 1, spring 1, Monday,5250,21.3
frame,lgw,Year 1, spring 1, Monday,5251,20.9
frame,lgw,Year 1, spring 1, Monday,5252,21.0
frame,lgw,Year 1, spring 1, Monday,5253,0.1
frame,lgw,Year 1, spring 1, Monday,5254,21.1
frame,lgw,Year 1, spring 1, Monday,5255,20.8
frame,lgw,Year 1, spring 1, Monday,5256,21.1
frame,lgw,Year 1, spring 1, Monday,5257,21.2
frame,lgw,Year 1, spring 1, Monday,5258,0.1
frame,lgw,Year 1, spring 1, Monday,5259,21.7
frame,lgw,Year 1, spring 1, Monday,5260,21.7
frame,lgw,Year 1, spring 1, Monday,5261,21.2
frame,lgw,Year 1, spring 1, Monday,5262,0.1
frame,lgw,Year 1, spring 1, Monday,5263,21.0
frame,lgw,Year 1, spring 1, Monday,5264,21.5
frame,lgw,Year 1, spring 1, Monday,5265,20.8
frame,lgw,Year 1, spring 1, Monday,5266,21.1
frame,lgw,Year 1, spring 1, Monday,5267,0.1
frame,lgw,Year 1, spring 1, Monday,5268,21.7
frame,lgw,Year 1, spring 1, Monday,5269,21.2
frame,lgw,Year 1, spring 1, Monday,5270,21.0
frame,lgw,Year 1, spring 1, Monday,5271,0.1
frame,lgw,Year 1, spring 1, Monday,5272,20.8
frame,lgw,Year 1, spring 1, Monday,5273,21.3
frame,lgw,Year 1, spring 1, Monday,5274,21.0
frame,lgw,Year 1, spring 1, Monday,5275,21.3
frame,lgw,Year 1, spring 1, Monday,5276,0.2
frame,lgw,Year 1, spring 1, Monday,5277,21.6
frame,lgw,Year 1, spring 1, Monday,5278,20.8
frame,lgw,Year 1, spring 1, Monday,5279,21.2
frame,lgw,Year 1, spring 1, Monday,5280,21.5
frame,lgw,Year 1, spring 1, Monday,5281,0.3
frame,lgw,Year 1, spring 1, Monday,5282,22.0
frame,lgw,Year 1, spring 1, Monday,5283,21.1
frame,lgw,Year 1, spring 1, Monday,5284,21.1
frame,lgw,Year 1, spring 1, Monday,5285,0.1
frame,lgw,Year 1, spring 1, Monday,5286,21.2
frame,lgw,Year 1, spring 1, Monday,5287,20.9
frame,lgw,Year 1, spring 1, Monday,5288,21.0
frame,lgw,Year 1, spring 1, Monday,5289,21.2
frame,lgw,Year 1, spring 1, Monday,5290,0.1
frame,lgw,Year 1, spring 1, Monday,5291,20.8
frame,lgw,Year 1, spring 1, Monday,5292,21.2
frame,lgw,Year 1, spring 1, Monday,5293,20.8
frame,lgw,Year 1, spring 1, Monday,5294,21.5
frame,lgw,Year 1, spring 1, Monday,5295,0.1
frame,lgw,Year 1, spring 1, Monday,5296,21.9
frame,lgw,Year 1, spring 1, Monday,5297,21.6
frame,lgw,Year 1, spring 1, Monday,5298,21.9
frame,lgw,Year 1, spring 1, Monday,5299,0.1
frame,lgw,Year 1, spring 1, Monday,5300,21.2
frame,lgw,Year 1, spring 1, Monday,5301,21.0
frame,lgw,Year 1, spring 1, Monday,5302,22.3
frame,lgw,Year 1, spring 1, Monday,5303,0.2
frame,lgw,Year 1, spring 1, Monday,5304,21.5
frame,lgw,Year 1, spring 1, Monday,5305,21.5
frame,lgw,Year 1, spring 1, Monday,5306,21.2
frame,lgw,Year 1, spring 1, Monday,5307,21.0
frame,lgw,Year 1, spring 1, Monday,5308,0.1
frame,lgw,Year 1, spring 1, Monday,5309,21.0
frame,lgw,Year 1, spring 1, Monday,5310,21.4
frame,lgw,Year 1, spring 1, Monday,5311,21.8
frame,lgw,Year 1, spring 1, Monday,5312,0.1
frame,lgw,Year 1, spring 1, Monday,5313,21.5
frame,lgw,Year 1, spring 1, Monday,5314,21.2
frame,lgw,Year 1, spring 1, Monday,5315,21.3
frame,lgw,Year 1, spring 1, Monday,5316,20.9
frame,lgw,Year 1, spring 1, Monday,5317,0.1
frame,lgw,Year 1, spring 1, Monday,5318,21.0
frame,lgw,Year 1, spring 1, Monday,5319,21.2
frame,lgw,Year 1, spring 1, Monday,5320,21.5
frame,lgw,Year 1, spring 1, Monday,5321,22.4
frame,lgw,Year 1, spring 1, Monday,5322,0.1
frame,lgw,Year 1, spring 1, Monday,5323,21.0
frame,lgw,Year 1, spring 1, Monday,5324,21.1
frame,lgw,Year 1, spring 1, Monday,5325,21.3
frame,lgw,Year 1, spring 1, Monday,5326,0.1
frame,lgw,Year 1, spring 1, Monday,5327,21.1
frame,lgw,Year 1, spring 1, Monday,5328,21.3
frame,lgw,Year 1, spring 1, Monday,5329,20.8
frame,lgw,Year 1, spring 1, Monday,5330,21.2
frame,lgw,Year 1, spring 1, Monday,5331,0.1
frame,lgw,Year 1, spring 1, Monday,5332,21.3
frame,lgw,Year 1, spring 1, Monday,5333,21.1
frame,lgw,Year 1, spring 1, Monday,5334,21.4
frame,lgw,Year 1, spring 1, Monday,5335,21.2
frame,lgw,Year 1, spring 1, Monday,5336,0.1
frame,lgw,Year 1, spring 1, Monday,5337,21.3
frame,lgw,Year 1, spring 1, Monday,5338,21.2
frame,lgw,Year 1, spring 1, Monday,5339,21.1
frame,lgw,Year 1, spring 1, Monday,5340,0.1
frame,lgw,Year 1, spring 1, Monday,5341,21.1
frame,lgw,Year 1, spring 1, Monday,5342,21.1
frame,lgw,Year 1, spring 1, Monday,5343,20.9
frame,lgw,Year 1, spring 1, Monday,5344,21.4
frame,lgw,Year 1, spring 1, Monday,5345,0.1
frame,lgw,Year 1, spring 1, Monday,5346,21.1
frame,lgw,Year 1, spring 1, Monday,5347,20.8
frame,lgw,Year 1, spring 1, Monday,5348,21.5
frame,lgw,Year 1, spring 1, Monday,5349,22.5
frame,lgw,Year 1, spring 1, Monday,5350,0.1
frame,lgw,Year 1, spring 1, Monday,5351,21.5
frame,lgw,Year 1, spring 1, Monday,5352,21.3
frame,lgw,Year 1, spring 1, Monday,5353,21.8
frame,lgw,Year 1, spring 1, Monday,5354,0.1
frame,lgw,Year 1, spring 1, Monday,5355,21.0
frame,lgw,Year 1, spring 1, Monday,5356,21.8
frame,lgw,Year 1, spring 1, Monday,5357,21.3
frame,lgw,Year 1, spring 1, Monday,5358,0.1
frame,lgw,Year 1, spring 1, Monday,5359,21.0
frame,lgw,Year 1, spring 1, Monday,5360,21.0
frame,lgw,Year 1, spring 1, Monday,5361,21.2
frame,lgw,Year 1, spring 1, Monday,5362,20.8
frame,lgw,Year 1, spring 1, Monday,5363,0.1
frame,lgw,Year 1, spring 1, Monday,5364,21.3
frame,lgw,Year 1, spring 1, Monday,5365,21.2
frame,lgw,Year 1, spring 1, Monday,5366,21.6
frame,lgw,Year 1, spring 1, Monday,5367,21.3
frame,lgw,Year 1, spring 1, Monday,5368,0.1
frame,lgw,Year 1, spring 1, Monday,5369,21.0
frame,lgw,Year 1, spring 1, Monday,5370,21.6
frame,lgw,Year 1, spring 1, Monday,5371,22.4
frame,lgw,Year 1, spring 1, Monday,5372,0.2
frame,lgw,Year 1, spring 1, Monday,5373,20.8
frame,lgw,Year 1, spring 1, Monday,5374,21.1
frame,lgw,Year 1, spring 1, Monday,5375,21.0
frame,lgw,Year 1, spring 1, Monday,5376,21.7
frame,lgw,Year 1, spring 1, Monday,5377,0.1
frame,lgw,Year 1, spring 1, Monday,5378,22.4
frame,lgw,Year 1, spring 1, Monday,5379,21.1
frame,lgw,Year 1, spring 1, Monday,5380,21.3
frame,lgw,Year 1, spring 1, Monday,5381,0.1
frame,lgw,Year 1, spring 1, Monday,5382,21.0
frame,lgw,Year 1, spring 1, Monday,5383,21.7
frame,lgw,Year 1, spring 1, Monday,5384,21.7
frame,lgw,Year 1, spring 1, Monday,5385,20.8
frame,lgw,Year 1, spring 1, Monday,5386,0.1
frame,lgw,Year 1, spring 1, Monday,5387,21.0
frame,lgw,Year 1, spring 1, Monday,5388,21.6
frame,lgw,Year 1, spring 1, Monday,5389,21.0
frame,lgw,Year 1, spring 1, Monday,5390,0.1
frame,lgw,Year 1, spring 1, Monday,5391,20.9
frame,lgw,Year 1, spring 1, Monday,5392,22.0
frame,lgw,Year 1, spring 1, Monday,5393,21.1
frame,lgw,Year 1, spring 1, Monday,5394,20.8
frame,lgw,Year 1, spring 1, Monday,5395,0.1
frame,lgw,Year 1, spring 1, Monday,5396,21.1
frame,lgw,Year 1, spring 1, Monday,5397,20.9
frame,lgw,Year 1, spring 1, Monday,5398,20.9
frame,lgw,Year 1, spring 1, Monday,5399,22.0
frame,lgw,Year 1, spring 1, Monday,5400,0.1
frame,lgw,Year 1, spring 1, Monday,5401,21.0
frame,lgw,Year 1, spring 1, Monday,5402,21.5
frame,lgw,Year 1, spring 1, Monday,5403,21.4
frame,lgw,Year 1, spring 1, Monday,5404,0.1
frame,lgw,Year 1, spring 1, Monday,5405,21.0
frame,lgw,Year 1, spring 1, Monday,5406,21.2
frame,lgw,Year 1, spring 1, Monday,5407,20.9
frame,lgw,Year 1, spring 1, Monday,5408,21.0
frame,lgw,Year 1, spring 1, Monday,5409,0.1
frame,lgw,Year 1, spring 1, Monday,5410,21.8
frame,lgw,Year 1, spring 1, Monday,5411,20.9
frame,lgw,Year 1, spring 1, Monday,5412,21.7
frame,lgw,Year 1, spring 1, Monday,5413,0.1
frame,lgw,Year 1, spring 1, Monday,5414,20.9
frame,lgw,Year 1, spring 1, Monday,5415,21.4
frame,lgw,Year 1, spring 1, Monday,5416,21.3
frame,lgw,Year 1, spring 1, Monday,5417,21.2
frame,lgw,Year 1, spring 1, Monday,5418,0.1
frame,lgw,Year 1, spring 1, Monday,5419,21.7
frame,lgw,Year 1, spring 1, Monday,5420,21.8
frame,lgw,Year 1, spring 1, Monday,5421,21.2
frame,lgw,Year 1, spring 1, Monday,5422,21.2
frame,lgw,Year 1, spring 1, Monday,5423,0.1
frame,lgw,Year 1, spring 1, Monday,5424,21.2
frame,lgw,Year 1, spring 1, Monday,5425,21.0
frame,lgw,Year 1, spring 1, Monday,5426,20.8
frame,lgw,Year 1, spring 1, Monday,5427,0.1
frame,lgw,Year 1, spring 1, Monday,5428,20.8
frame,lgw,Year 1, spring 1, Monday,5429,21.2
frame,lgw,Year 1, spring 1, Monday,5430,21.6
frame,lgw,Year 1, spring 1, Monday,5431,20.9
frame,lgw,Year 1, spring 1, Monday,5432,0.1
frame,lgw,Year 1, spring 1, Monday,5433,21.1
frame,lgw,Year 1, spring 1, Monday,5434,21.7
frame,lgw,Year 1, spring 1, Monday,5435,21.3
frame,lgw,Year 1, spring 1, Monday,5436,21.4
frame,lgw,Year 1, spring 1, Monday,5437,0.1
frame,lgw,Year 1, spring 1, Monday,5438,21.1
frame,lgw,Year 1, spring 1, Monday,5439,20.9
frame,lgw,Year 1, spring 1, Monday,5440,21.2
frame,lgw,Year 1, spring 1, Monday,5441,0.1
frame,lgw,Year 1, spring 1, Monday,5442,21.0
frame,lgw,Year 1, spring 1, Monday,5443,21.0
frame,lgw,Year 1, spring 1, Monday,5444,21.7
frame,lgw,Year 1, spring 1, Monday,5445,21.1
frame,lgw,Year 1, spring 1, Monday,5446,0.1
frame,lgw,Year 1, spring 1, Monday,5447,21.0
frame,lgw,Year 1, spring 1, Monday,5448,21.1
frame,lgw,Year 1, spring 1, Monday,5449,21.2
frame,lgw,Year 1, spring 1, Monday,5450,21.7
frame,lgw,Year 1, spring 1, Monday,5451,0.2
frame,lgw,Year 1, spring 1, Monday,5452,21.2
frame,lgw,Year 1, spring 1, Monday,5453,21.3
frame,lgw,Year 1, spring 1, Monday,5454,20.9
frame,lgw,Year 1, spring 1, Monday,5455,0.1
frame,lgw,Year 1, spring 1, Monday,5456,21.4
frame,lgw,Year 1, spring 1, Monday,5457,20.9
frame,lgw,Year 1, spring 1, Monday,5458,21.8
frame,lgw,Year 1, spring 1, Monday,5459,21.0
frame,lgw,Year 1, spring 1, Monday,5460,0.1
frame,lgw,Year 1, spring 1, Monday,5461,21.3
frame,lgw,Year 1, spring 1, Monday,5462,23.3
frame,lgw,Year 1, spring 1, Monday,5463,21.2
frame,lgw,Year 1, spring 1, Monday,5464,0.1
frame,lgw,Year 1, spring 1, Monday,5465,20.9
frame,lgw,Year 1, spring 1, Monday,5466,21.4
frame,lgw,Year 1, spring 1, Monday,5467,22.8
frame,lgw,Year 1, spring 1, Monday,5468,0.1
frame,lgw,Year 1, spring 1, Monday,5469,21.3
frame,lgw,Year 1, spring 1, Monday,5470,21.3
frame,lgw,Year 1, spring 1, Monday,5471,21.4
frame,lgw,Year 1, spring 1, Monday,5472,21.1
frame,lgw,Year 1, spring 1, Monday,5473,0.1
frame,lgw,Year 1, spring 1, Monday,5474,20.8
frame,lgw,Year 1, spring 1, Monday,5475,21.3
frame,lgw,Year 1, spring 1, Monday,5476,21.3
frame,lgw,Year 1, spring 1, Monday,5477,21.5
frame,lgw,Year 1, spring 1, Monday,5478,0.1
frame,lgw,Year 1, spring 1, Monday,5479,20.8
frame,lgw,Year 1, spring 1, Monday,5480,21.2
frame,lgw,Year 1, spring 1, Monday,5481,21.2
frame,lgw,Year 1, spring 1, Monday,5482,0.1
frame,lgw,Year 1, spring 1, Monday,5483,21.1
frame,lgw,Year 1, spring 1, Monday,5484,21.4
frame,lgw,Year 1, spring 1, Monday,5485,21.1
frame,lgw,Year 1, spring 1, Monday,5486,20.7
frame,lgw,Year 1, spring 1, Monday,5487,0.1
frame,lgw,Year 1, spring 1, Monday,5488,21.2
frame,lgw,Year 1, spring 1, Monday,5489,20.9
frame,lgw,Year 1, spring 1, Monday,5490,21.0
frame,lgw,Year 1, spring 1, Monday,5491,20.8
frame,lgw,Year 1, spring 1, Monday,5492,0.1
frame,lgw,Year 1, spring 1, Monday,5493,21.1
frame,lgw,Year 1, spring 1, Monday,5494,22.1
frame,lgw,Year 1, spring 1, Monday,5495,21.6
frame,lgw,Year 1, spring 1, Monday,5496,0.1
frame,lgw,Year 1, spring 1, Monday,5497,21.1
frame,lgw,Year 1, spring 1, Monday,5498,21.6
frame,lgw,Year 1, spring 1, Monday,5499,21.2
frame,lgw,Year 1, spring 1, Monday,5500,21.2
frame,lgw,Year 1, spring 1, Monday,5501,0.1
frame,lgw,Year 1, spring 1, Monday,5502,20.9
frame,lgw,Year 1, spring 1, Monday,5503,21.0
frame,lgw,Year 1, spring 1, Monday,5504,21.5
frame,lgw,Year 1, spring 1, Monday,5505,21.0
frame,lgw,Year 1, spring 1, Monday,5506,0.1
frame,lgw,Year 1, spring 1, Monday,5507,20.9
frame,lgw,Year 1, spring 1, Monday,5508,21.2
frame,lgw,Year 1, spring 1, Monday,5509,21.3
frame,lgw,Year 1, spring 1, Monday,5510,0.1
frame,lgw,Year 1, spring 1, Monday,5511,21.1
frame,lgw,Year 1, spring 1, Monday,5512,23.1
frame,lgw,Year 1, spring 1, Monday,5513,22.0
frame,lgw,Year 1, spring 1, Monday,5514,0.3
frame,lgw,Year 1, spring 1, Monday,5515,21.4
frame,lgw,Year 1, spring 1, Monday,5516,20.9
frame,lgw,Year 1, spring 1, Monday,5517,20.7
frame,lgw,Year 1, spring 1, Monday,5518,21.0
frame,lgw,Year 1, spring 1, Monday,5519,0.1
frame,lgw,Year 1, spring 1, Monday,5520,21.3
frame,lgw,Year 1, spring 1, Monday,5521,21.2
frame,lgw,Year 1, spring 1, Monday,5522,21.1
frame,lgw,Year 1, spring 1, Monday,5523,21.2
frame,lgw,Year 1, spring 1, Monday,5524,0.1
frame,lgw,Year 1, spring 1, Monday,5525,21.9
frame,lgw,Year 1, spring 1, Monday,5526,21.0
frame,lgw,Year 1, spring 1, Monday,5527,21.1
frame,lgw,Year 1, spring 1, Monday,5528,0.1
frame,lgw,Year 1, spring 1, Monday,5529,21.1
frame,lgw,Year 1, spring 1, Monday,5530,21.1
frame,lgw,Year 1, spring 1, Monday,5531,21.0
frame,lgw,Year 1, spring 1, Monday,5532,21.1
frame,lgw,Year 1, spring 1, Monday,5533,0.1
frame,lgw,Year 1, spring 1, Monday,5534,20.8
frame,lgw,Year 1, spring 1, Monday,5535,21.1
frame,lgw,Year 1, spring 1, Monday,5536,21.1
frame,lgw,Year 1, spring 1, Monday,5537,21.3
frame,lgw,Year 1, spring 1, Monday,5538,0.1
frame,lgw,Year 1, spring 1, Monday,5539,21.3
frame,lgw,Year 1, spring 1, Monday,5540,21.8
frame,lgw,Year 1, spring 1, Monday,5541,20.8
frame,lgw,Year 1, spring 1, Monday,5542,0.1
frame,lgw,Year 1, spring 1, Monday,5543,20.9
frame,lgw,Year 1, spring 1, Monday,5544,20.9
frame,lgw,Year 1, spring 1, Monday,5545,21.5
frame,lgw,Year 1, spring 1, Monday,5546,20.9
frame,lgw,Year 1, spring 1, Monday,5547,0.1
frame,lgw,Year 1, spring 1, Monday,5548,20.9
frame,lgw,Year 1, spring 1, Monday,5549,21.0
frame,lgw,Year 1, spring 1, Monday,5550,21.3
frame,lgw,Year 1, spring 1, Monday,5551,20.9
frame,lgw,Year 1, spring 1, Monday,5552,0.1
frame,lgw,Year 1, spring 1, Monday,5553,21.6
frame,lgw,Year 1, spring 1, Monday,5554,21.2
frame,lgw,Year 1, spring 1, Monday,5555,20.9
frame,lgw,Year 1, spring 1, Monday,5556,21.3
frame,lgw,Year 1, spring 1, Monday,5557,0.1
frame,lgw,Year 1, spring 1, Monday,5558,21.3
frame,lgw,Year 1, spring 1, Monday,5559,20.9
frame,lgw,Year 1, spring 1, Monday,5560,20.9
frame,lgw,Year 1, spring 1, Monday,5561,0.2
frame,lgw,Year 1, spring 1, Monday,5562,22.7
frame,lgw,Year 1, spring 1, Monday,5563,21.5
frame,lgw,Year 1, spring 1, Monday,5564,21.7
frame,lgw,Year 1, spring 1, Monday,5565,21.0
frame,lgw,Year 1, spring 1, Monday,5566,0.1
frame,lgw,Year 1, spring 1, Monday,5567,21.6
frame,lgw,Year 1, spring 1, Monday,5568,21.8
frame,lgw,Year 1, spring 1, Monday,5569,21.2
frame,lgw,Year 1, spring 1, Monday,5570,0.1
frame,lgw,Year 1, spring 1, Monday,5571,20.9
frame,lgw,Year 1, spring 1, Monday,5572,20.8
frame,lgw,Year 1, spring 1, Monday,5573,21.1
frame,lgw,Year 1, spring 1, Monday,5574,21.0
frame,lgw,Year 1, spring 1, Monday,5575,0.1
frame,lgw,Year 1, spring 1, Monday,5576,20.9
frame,lgw,Year 1, spring 1, Monday,5577,22.3
frame,lgw,Year 1, spring 1, Monday,5578,21.6
frame,lgw,Year 1, spring 1, Monday,5579,0.1
frame,lgw,Year 1, spring 1, Monday,5580,21.0
frame,lgw,Year 1, spring 1, Monday,5581,20.9
frame,lgw,Year 1, spring 1, Monday,5582,22.1
frame,lgw,Year 1, spring 1, Monday,5583,21.2
frame,lgw,Year 1, spring 1, Monday,5584,0.1
frame,lgw,Year 1, spring 1, Monday,5585,21.1
frame,lgw,Year 1, spring 1, Monday,5586,21.1
frame,lgw,Year 1, spring 1, Monday,5587,21.0
frame,lgw,Year 1, spring 1, Monday,5588,21.8
frame,lgw,Year 1, spring 1, Monday,5589,0.1
frame,lgw,Year 1, spring 1, Monday,5590,20.9
frame,lgw,Year 1, spring 1, Monday,5591,20.9
frame,lgw,Year 1, spring 1, Monday,5592,21.0
frame,lgw,Year 1, spring 1, Monday,5593,0.1
frame,lgw,Year 1, spring 1, Monday,5594,21.3
frame,lgw,Year 1, spring 1, Monday,5595,21.2
frame,lgw,Year 1, spring 1, Monday,5596,21.8
frame,lgw,Year 1, spring 1, Monday,5597,21.1
frame,lgw,Year 1, spring 1, Monday,5598,0.1
frame,lgw,Year 1, spring 1, Monday,5599,21.2
frame,lgw,Year 1, spring 1, Monday,5600,21.2
frame,lgw,Year 1, spring 1, Monday,5601,21.2
frame,lgw,Year 1, spring 1, Monday,5602,21.4
frame,lgw,Year 1, spring 1, Monday,5603,0.1
frame,lgw,Year 1, spring 1, Monday,5604,21.7
frame,lgw,Year 1, spring 1, Monday,5605,21.3
frame,lgw,Year 1, spring 1, Monday,5606,21.1
frame,lgw,Year 1, spring 1, Monday,5607,0.1
frame,lgw,Year 1, spring 1, Monday,5608,21.3
frame,lgw,Year 1, spring 1, Monday,5609,21.2
frame,lgw,Year 1, spring 1, Monday,5610,20.8
frame,lgw,Year 1, spring 1, Monday,5611,21.3
frame,lgw,Year 1, spring 1, Monday,5612,0.1
frame,lgw,Year 1, spring 1, Monday,5613,21.6
frame,lgw,Year 1, spring 1, Monday,5614,21.5
frame,lgw,Year 1, spring 1, Monday,5615,20.9
frame,lgw,Year 1, spring 1, Monday,5616,0.1
frame,lgw,Year 1, spring 1, Monday,5617,21.0
frame,lgw,Year 1, spring 1, Monday,5618,21.8
frame,lgw,Year 1, spring 1, Monday,5619,21.0
frame,lgw,Year 1, spring 1, Monday,5620,21.4
frame,lgw,Year 1, spring 1, Monday,5621,0.3
frame,lgw,Year 1, spring 1, Monday,5622,22.1
frame,lgw,Year 1, spring 1, Monday,5623,20.9
frame,lgw,Year 1, spring 1, Monday,5624,21.0
frame,lgw,Year 1, spring 1, Monday,5625,0.1
frame,lgw,Year 1, spring 1, Monday,5626,21.2
frame,lgw,Year 1, spring 1, Monday,5627,21.3
frame,lgw,Year 1, spring 1, Monday,5628,21.4
frame,lgw,Year 1, spring 1, Monday,5629,21.1
frame,lgw,Year 1, spring 1, Monday,5630,0.1
frame,lgw,Year 1, spring 1, Monday,5631,21.2
frame,lgw,Year 1, spring 1, Monday,5632,20.8
frame,lgw,Year 1, spring 1, Monday,5633,21.1
frame,lgw,Year 1, spring 1, Monday,5634,21.4
frame,lgw,Year 1, spring 1, Monday,5635,0.1
frame,lgw,Year 1, spring 1, Monday,5636,21.0
frame,lgw,Year 1, spring 1, Monday,5637,21.2
frame,lgw,Year 1, spring 1, Monday,5638,21.8
frame,lgw,Year 1, spring 1, Monday,5639,0.1
frame,lgw,Year 1, spring 1, Monday,5640,20.9
frame,lgw,Year 1, spring 1, Monday,5641,21.4
frame,lgw,Year 1, spring 1, Monday,5642,21.5
frame,lgw,Year 1, spring 1, Monday,5643,21.0
frame,lgw,Year 1, spring 1, Monday,5644,0.1
frame,lgw,Year 1, spring 1, Monday,5645,20.8
frame,lgw,Year 1, spring 1, Monday,5646,20.9
frame,lgw,Year 1, spring 1, Monday,5647,20.8
frame,lgw,Year 1, spring 1, Monday,5648,21.1
frame,lgw,Year 1, spring 1, Monday,5649,0.1
frame,lgw,Year 1, spring 1, Monday,5650,21.1
frame,lgw,Year 1, spring 1, Monday,5651,21.4
frame,lgw,Year 1, spring 1, Monday,5652,21.6
frame,lgw,Year 1, spring 1, Monday,5653,0.1
frame,lgw,Year 1, spring 1, Monday,5654,21.3
frame,lgw,Year 1, spring 1, Monday,5655,21.2
frame,lgw,Year 1, spring 1, Monday,5656,21.0
frame,lgw,Year 1, spring 1, Monday,5657,21.1
frame,lgw,Year 1, spring 1, Monday,5658,0.1
frame,lgw,Year 1, spring 1, Monday,5659,21.2
frame,lgw,Year 1, spring 1, Monday,5660,20.8
frame,lgw,Year 1, spring 1, Monday,5661,21.2
frame,lgw,Year 1, spring 1, Monday,5662,20.7
frame,lgw,Year 1, spring 1, Monday,5663,0.1
frame,lgw,Year 1, spring 1, Monday,5664,21.2
frame,lgw,Year 1, spring 1, Monday,5665,21.4
frame,lgw,Year 1, spring 1, Monday,5666,21.0
frame,lgw,Year 1, spring 1, Monday,5667,21.5
frame,lgw,Year 1, spring 1, Monday,5668,0.1
frame,lgw,Year 1, spring 1, Monday,5669,21.1
frame,lgw,Year 1, spring 1, Monday,5670,21.4
frame,lgw,Year 1, spring 1, Monday,5671,21.2
frame,lgw,Year 1, spring 1, Monday,5672,0.1
frame,lgw,Year 1, spring 1, Monday,5673,21.6
frame,lgw,Year 1, spring 1, Monday,5674,21.3
frame,lgw,Year 1, spring 1, Monday,5675,21.0
frame,lgw,Year 1, spring 1, Monday,5676,20.9
frame,lgw,Year 1, spring 1, Monday,5677,0.1
frame,lgw,Year 1, spring 1, Monday,5678,22.8
frame,lgw,Year 1, spring 1, Monday,5679,21.5
frame,lgw,Year 1, spring 1, Monday,5680,21.3
frame,lgw,Year 1, spring 1, Monday,5681,0.1
frame,lgw,Year 1, spring 1, Monday,5682,21.1
frame,lgw,Year 1, spring 1, Monday,5683,21.1
frame,lgw,Year 1, spring 1, Monday,5684,21.0
frame,lgw,Year 1, spring 1, Monday,5685,21.5
frame,lgw,Year 1, spring 1, Monday,5686,0.1
frame,lgw,Year 1, spring 1, Monday,5687,21.4
frame,lgw,Year 1, spring 1, Monday,5688,22.3
frame,lgw,Year 1, spring 1, Monday,5689,21.4
frame,lgw,Year 1, spring 1, Monday,5690,0.1
frame,lgw,Year 1, spring 1, Monday,5691,21.1
frame,lgw,Year 1, spring 1, Monday,5692,21.4
frame,lgw,Year 1, spring 1, Monday,5693,21.2
frame,lgw,Year 1, spring 1, Monday,5694,22.2
frame,lgw,Year 1, spring 1, Monday,5695,0.1
frame,lgw,Year 1, spring 1, Monday,5696,20.9
frame,lgw,Year 1, spring 1, Monday,5697,20.9
frame,lgw,Year 1, spring 1, Monday,5698,20.8
frame,lgw,Year 1, spring 1, Monday,5699,0.1
frame,lgw,Year 1, spring 1, Monday,5700,21.0
frame,lgw,Year 1, spring 1, Monday,5701,21.6
frame,lgw,Year 1, spring 1, Monday,5702,20.9
frame,lgw,Year 1, spring 1, Monday,5703,132.2
frame,lgw,Year 1, spring 1, Monday,5704,0.1
frame,lgw,Year 1, spring 1, Monday,5705,0.1
frame,lgw,Year 1, spring 1, Monday,5706,0.1
frame,lgw,Year 1, spring 1, Monday,5707,0.1
frame,lgw,Year 1, spring 1, Monday,5708,0.1
frame,lgw,Year 1, spring 1, Monday,5709,0.1
frame,lgw,Year 1, spring 1, Monday,5710,0.1
frame,lgw,Year 1, spring 1, Monday,5711,21.0
frame,lgw,Year 1, spring 1, Monday,5712,0.1
frame,lgw,Year 1, spring 1, Monday,5713,21.4
frame,lgw,Year 1, spring 1, Monday,5714,20.9
frame,lgw,Year 1, spring 1, Monday,5715,21.0
frame,lgw,Year 1, spring 1, Monday,5716,21.1
frame,lgw,Year 1, spring 1, Monday,5717,0.1
frame,lgw,Year 1, spring 1, Monday,5718,20.8
frame,lgw,Year 1, spring 1, Monday,5719,21.3
frame,lgw,Year 1, spring 1, Monday,5720,21.4
frame,lgw,Year 1, spring 1, Monday,5721,21.0
frame,lgw,Year 1, spring 1, Monday,5722,0.2
frame,lgw,Year 1, spring 1, Monday,5723,22.3
frame,lgw,Year 1, spring 1, Monday,5724,21.0
frame,lgw,Year 1, spring 1, Monday,5725,21.1
frame,lgw,Year 1, spring 1, Monday,5726,0.1
frame,lgw,Year 1, spring 1, Monday,5727,21.6
frame,lgw,Year 1, spring 1, Monday,5728,20.8
frame,lgw,Year 1, spring 1, Monday,5729,21.5
frame,lgw,Year 1, spring 1, Monday,5730,20.8
frame,lgw,Year 1, spring 1, Monday,5731,0.1
frame,lgw,Year 1, spring 1, Monday,5732,21.9
frame,lgw,Year 1, spring 1, Monday,5733,21.1
frame,lgw,Year 1, spring 1, Monday,5734,22.0
frame,lgw,Year 1, spring 1, Monday,5735,0.1
frame,lgw,Year 1, spring 1, Monday,5736,21.1
frame,lgw,Year 1, spring 1, Monday,5737,21.0
frame,lgw,Year 1, spring 1, Monday,5738,21.0
frame,lgw,Year 1, spring 1, Monday,5739,20.7
frame,lgw,Year 1, spring 1, Monday,5740,0.1
frame,lgw,Year 1, spring 1, Monday,5741,21.0
frame,lgw,Year 1, spring 1, Monday,5742,21.8
frame,lgw,Year 1, spring 1, Monday,5743,22.1
frame,lgw,Year 1, spring 1, Monday,5744,0.1
frame,lgw,Year 1, spring 1, Monday,5745,21.2
frame,lgw,Year 1, spring 1, Monday,5746,21.0
frame,lgw,Year 1, spring 1, Monday,5747,21.0
frame,lgw,Year 1, spring 1, Monday,5748,21.5
frame,lgw,Year 1, spring 1, Monday,5749,0.1
frame,lgw,Year 1, spring 1, Monday,5750,21.3
frame,lgw,Year 1, spring 1, Monday,5751,21.3
frame,lgw,Year 1, spring 1, Monday,5752,21.2
frame,lgw,Year 1, spring 1, Monday,5753,21.2
frame,lgw,Year 1, spring 1, Monday,5754,0.1
frame,lgw,Year 1, spring 1, Monday,5755,21.2
frame,lgw,Year 1, spring 1, Monday,5756,21.0
frame,lgw,Year 1, spring 1, Monday,5757,22.6
frame,lgw,Year 1, spring 1, Monday,5758,0.1
frame,lgw,Year 1, spring 1, Monday,5759,21.1
frame,lgw,Year 1, spring 1, Monday,5760,21.2
frame,lgw,Year 1, spring 1, Monday,5761,21.6
frame,lgw,Year 1, spring 1, Monday,5762,21.1
frame,lgw,Year 1, spring 1, Monday,5763,0.1
frame,lgw,Year 1, spring 1, Monday,5764,21.3
frame,lgw,Year 1, spring 1, Monday,5765,21.2
frame,lgw,Year 1, spring 1, Monday,5766,21.7
frame,lgw,Year 1, spring 1, Monday,5767,0.3
frame,lgw,Year 1, spring 1, Monday,5768,21.5
frame,lgw,Year 1, spring 1, Monday,5769,21.1
frame,lgw,Year 1, spring 1, Monday,5770,21.8
frame,lgw,Year 1, spring 1, Monday,5771,22.3
frame,lgw,Year 1, spring 1, Monday,5772,0.1
frame,lgw,Year 1, spring 1, Monday,5773,21.1
frame,lgw,Year 1, spring 1, Monday,5774,21.7
frame,lgw,Year 1, spring 1, Monday,5775,21.1
frame,lgw,Year 1, spring 1, Monday,5776,0.1
frame,lgw,Year 1, spring 1, Monday,5777,21.1
frame,lgw,Year 1, spring 1, Monday,5778,21.3
frame,lgw,Year 1, spring 1, Monday,5779,21.5
frame,lgw,Year 1, spring 1, Monday,5780,21.6
frame,lgw,Year 1, spring 1, Monday,5781,0.2
frame,lgw,Year 1, spring 1, Monday,5782,22.9
frame,lgw,Year 1, spring 1, Monday,5783,21.7
frame,lgw,Year 1, spring 1, Monday,5784,22.5
frame,lgw,Year 1, spring 1, Monday,5785,0.1
frame,lgw,Year 1, spring 1, Monday,5786,21.7
frame,lgw,Year 1, spring 1, Monday,5787,21.0
frame,lgw,Year 1, spring 1, Monday,5788,21.8
frame,lgw,Year 1, spring 1, Monday,5789,0.1
frame,lgw,Year 1, spring 1, Monday,5790,21.3
frame,lgw,Year 1, spring 1, Monday,5791,21.6
frame,lgw,Year 1, spring 1, Monday,5792,21.0
frame,lgw,Year 1, spring 1, Monday,5793,0.1
frame,lgw,Year 1, spring 1, Monday,5794,21.2
frame,lgw,Year 1, spring 1, Monday,5795,21.5
frame,lgw,Year 1, spring 1, Monday,5796,20.8
frame,lgw,Year 1, spring 1, Monday,5797,21.3
frame,lgw,Year 1, spring 1, Monday,5798,0.1
frame,lgw,Year 1, spring 1, Monday,5799,21.1
frame,lgw,Year 1, spring 1, Monday,5800,21.5
frame,lgw,Year 1, spring 1, Monday,5801,21.1
frame,lgw,Year 1, spring 1, Monday,5802,21.2
frame,lgw,Year 1, spring 1, Monday,5803,0.1
frame,lgw,Year 1, spring 1, Monday,5804,21.3
frame,lgw,Year 1, spring 1, Monday,5805,20.8
frame,lgw,Year 1, spring 1, Monday,5806,21.2
frame,lgw,Year 1, spring 1, Monday,5807,0.2
frame,lgw,Year 1, spring 1, Monday,5808,21.1
frame,lgw,Year 1, spring 1, Monday,5809,21.2
frame,lgw,Year 1, spring 1, Monday,5810,21.2
frame,lgw,Year 1, spring 1, Monday,5811,21.2
frame,lgw,Year 1, spring 1, Monday,5812,0.1
frame,lgw,Year 1, spring 1, Monday,5813,21.0
frame,lgw,Year 1, spring 1, Monday,5814,21.0
frame,lgw,Year 1, spring 1, Monday,5815,21.4
frame,lgw,Year 1, spring 1, Monday,5816,21.2
frame,lgw,Year 1, spring 1, Monday,5817,0.1
frame,lgw,Year 1, spring 1, Monday,5818,21.2
frame,lgw,Year 1, spring 1, Monday,5819,21.0
frame,lgw,Year 1, spring 1, Monday,5820,21.2
frame,lgw,Year 1, spring 1, Monday,5821,0.1
frame,lgw,Year 1, spring 1, Monday,5822,21.2
frame,lgw,Year 1, spring 1, Monday,5823,21.4
frame,lgw,Year 1, spring 1, Monday,5824,21.6
frame,lgw,Year 1, spring 1, Monday,5825,21.1
frame,lgw,Year 1, spring 1, Monday,5826,0.1
frame,lgw,Year 1, spring 1, Monday,5827,21.2
frame,lgw,Year 1, spring 1, Monday,5828,20.7
frame,lgw,Year 1, spring 1, Monday,5829,21.8
frame,lgw,Year 1, spring 1, Monday,5830,21.3
frame,lgw,Year 1, spring 1, Monday,5831,0.1
frame,lgw,Year 1, spring 1, Monday,5832,21.2
frame,lgw,Year 1, spring 1, Monday,5833,21.3
frame,lgw,Year 1, spring 1, Monday,5834,21.1
frame,lgw,Year 1, spring 1, Monday,5835,0.1
frame,lgw,Year 1, spring 1, Monday,5836,20.9
frame,lgw,Year 1, spring 1, Monday,5837,21.0
frame,lgw,Year 1, spring 1, Monday,5838,20.9
frame,lgw,Year 1, spring 1, Monday,5839,21.3
frame,lgw,Year 1, spring 1, Monday,5840,0.1
frame,lgw,Year 1, spring 1, Monday,5841,21.0
frame,lgw,Year 1, spring 1, Monday,5842,21.1
frame,lgw,Year 1, spring 1, Monday,5843,21.2
frame,lgw,Year 1, spring 1, Monday,5844,22.1
frame,lgw,Year 1, spring 1, Monday,5845,0.1
frame,lgw,Year 1, spring 1, Monday,5846,20.8
frame,lgw,Year 1, spring 1, Monday,5847,21.1
frame,lgw,Year 1, spring 1, Monday,5848,21.4
frame,lgw,Year 1, spring 1, Monday,5849,0.1
frame,lgw,Year 1, spring 1, Monday,5850,20.8
frame,lgw,Year 1, spring 1, Monday,5851,21.2
frame,lgw,Year 1, spring 1, Monday,5852,21.0
frame,lgw,Year 1, spring 1, Monday,5853,21.1
frame,lgw,Year 1, spring 1, Monday,5854,0.1
frame,lgw,Year 1, spring 1, Monday,5855,21.5
frame,lgw,Year 1, spring 1, Monday,5856,20.7
frame,lgw,Year 1, spring 1, Monday,5857,20.9
frame,lgw,Year 1, spring 1, Monday,5858,21.1
frame,lgw,Year 1, spring 1, Monday,5859,0.1
frame,lgw,Year 1, spring 1, Monday,5860,21.0
frame,lgw,Year 1, spring 1, Monday,5861,21.1
frame,lgw,Year 1, spring 1, Monday,5862,22.5
frame,lgw,Year 1, spring 1, Monday,5863,0.1
frame,lgw,Year 1, spring 1, Monday,5864,21.5
frame,lgw,Year 1, spring 1, Monday,5865,21.2
frame,lgw,Year 1, spring 1, Monday,5866,21.1
frame,lgw,Year 1, spring 1, Monday,5867,20.8
frame,lgw,Year 1, spring 1, Monday,5868,0.1
frame,lgw,Year 1, spring 1, Monday,5869,21.8
frame,lgw,Year 1, spring 1, Monday,5870,20.9
frame,lgw,Year 1, spring 1, Monday,5871,21.6
frame,lgw,Year 1, spring 1, Monday,5872,0.1
frame,lgw,Year 1, spring 1, Monday,5873,21.0
frame,lgw,Year 1, spring 1, Monday,5874,21.6
frame,lgw,Year 1, spring 1, Monday,5875,21.5
frame,lgw,Year 1, spring 1, Monday,5876,21.0
frame,lgw,Year 1, spring 1, Monday,5877,0.1
frame,lgw,Year 1, spring 1, Monday,5878,21.6
frame,lgw,Year 1, spring 1, Monday,5879,20.9
frame,lgw,Year 1, spring 1, Monday,5880,21.3
frame,lgw,Year 1, spring 1, Monday,5881,21.5
frame,lgw,Year 1, spring 1, Monday,5882,0.2
frame,lgw,Year 1, spring 1, Monday,5883,21.3
frame,lgw,Year 1, spring 1, Monday,5884,21.9
frame,lgw,Year 1, spring 1, Monday,5885,21.4
frame,lgw,Year 1, spring 1, Monday,5886,0.1
frame,lgw,Year 1, spring 1, Monday,5887,21.0
frame,lgw,Year 1, spring 1, Monday,5888,21.0
frame,lgw,Year 1, spring 1, Monday,5889,21.0
frame,lgw,Year 1, spring 1, Monday,5890,21.1
frame,lgw,Year 1, spring 1, Monday,5891,0.1
frame,lgw,Year 1, spring 1, Monday,5892,21.5
frame,lgw,Year 1, spring 1, Monday,5893,20.9
frame,lgw,Year 1, spring 1, Monday,5894,22.4
frame,lgw,Year 1, spring 1, Monday,5895,0.1
frame,lgw,Year 1, spring 1, Monday,5896,21.2
frame,lgw,Year 1, spring 1, Monday,5897,21.3
frame,lgw,Year 1, spring 1, Monday,5898,21.1
frame,lgw,Year 1, spring 1, Monday,5899,21.6
frame,lgw,Year 1, spring 1, Monday,5900,0.1
frame,lgw,Year 1, spring 1, Monday,5901,21.3
frame,lgw,Year 1, spring 1, Monday,5902,20.9
frame,lgw,Year 1, spring 1, Monday,5903,21.0
frame,lgw,Year 1, spring 1, Monday,5904,0.2
frame,lgw,Year 1, spring 1, Monday,5905,21.1
frame,lgw,Year 1, spring 1, Monday,5906,20.9
frame,lgw,Year 1, spring 1, Monday,5907,21.1
frame,lgw,Year 1, spring 1, Monday,5908,21.1
frame,lgw,Year 1, spring 1, Monday,5909,0.1
frame,lgw,Year 1, spring 1, Monday,5910,20.9
frame,lgw,Year 1, spring 1, Monday,5911,21.4
frame,lgw,Year 1, spring 1, Monday,5912,21.0
frame,lgw,Year 1, spring 1, Monday,5913,20.9
frame,lgw,Year 1, spring 1, Monday,5914,0.1
frame,lgw,Year 1, spring 1, Monday,5915,20.9
frame,lgw,Year 1, spring 1, Monday,5916,20.9
frame,lgw,Year 1, spring 1, Monday,5917,20.8
frame,lgw,Year 1, spring 1, Monday,5918,21.1
frame,lgw,Year 1, spring 1, Monday,5919,0.2
frame,lgw,Year 1, spring 1, Monday,5920,21.6
frame,lgw,Year 1, spring 1, Monday,5921,21.7
frame,lgw,Year 1, spring 1, Monday,5922,21.0
frame,lgw,Year 1, spring 1, Monday,5923,0.1
frame,lgw,Year 1, spring 1, Monday,5924,21.0
frame,lgw,Year 1, spring 1, Monday,5925,20.8
frame,lgw,Year 1, spring 1, Monday,5926,21.0
frame,lgw,Year 1, spring 1, Monday,5927,21.8
frame,lgw,Year 1, spring 1, Monday,5928,0.1
frame,lgw,Year 1, spring 1, Monday,5929,21.1
frame,lgw,Year 1, spring 1, Monday,5930,20.7
frame,lgw,Year 1, spring 1, Monday,5931,21.0
frame,lgw,Year 1, spring 1, Monday,5932,21.1
frame,lgw,Year 1, spring 1, Monday,5933,0.1
frame,lgw,Year 1, spring 1, Monday,5934,23.5
frame,lgw,Year 1, spring 1, Monday,5935,20.9
frame,lgw,Year 1, spring 1, Monday,5936,21.2
frame,lgw,Year 1, spring 1, Monday,5937,0.1
frame,lgw,Year 1, spring 1, Monday,5938,21.3
frame,lgw,Year 1, spring 1, Monday,5939,21.0
frame,lgw,Year 1, spring 1, Monday,5940,21.1
frame,lgw,Year 1, spring 1, Monday,5941,21.7
frame,lgw,Year 1, spring 1, Monday,5942,0.1
frame,lgw,Year 1, spring 1, Monday,5943,21.0
frame,lgw,Year 1, spring 1, Monday,5944,21.7
frame,lgw,Year 1, spring 1, Monday,5945,21.5
frame,lgw,Year 1, spring 1, Monday,5946,0.1
frame,lgw,Year 1, spring 1, Monday,5947,21.8
frame,lgw,Year 1, spring 1, Monday,5948,21.2
frame,lgw,Year 1, spring 1, Monday,5949,21.1
frame,lgw,Year 1, spring 1, Monday,5950,21.2
frame,lgw,Year 1, spring 1, Monday,5951,0.1
frame,lgw,Year 1, spring 1, Monday,5952,21.3
frame,lgw,Year 1, spring 1, Monday,5953,21.2
frame,lgw,Year 1, spring 1, Monday,5954,22.3
frame,lgw,Year 1, spring 1, Monday,5955,0.1
frame,lgw,Year 1, spring 1, Monday,5956,21.8
frame,lgw,Year 1, spring 1, Monday,5957,21.2
frame,lgw,Year 1, spring 1, Monday,5958,20.9
frame,lgw,Year 1, spring 1, Monday,5959,21.4
frame,lgw,Year 1, spring 1, Monday,5960,0.1
frame,lgw,Year 1, spring 1, Monday,5961,22.6
frame,lgw,Year 1, spring 1, Monday,5962,21.7
frame,lgw,Year 1, spring 1, Monday,5963,21.6
frame,lgw,Year 1, spring 1, Monday,5964,0.1
frame,lgw,Year 1, spring 1, Monday,5965,21.1
frame,lgw,Year 1, spring 1, Monday,5966,20.8
frame,lgw,Year 1, spring 1, Monday,5967,21.2
frame,lgw,Year 1, spring 1, Monday,5968,21.1
frame,lgw,Year 1, spring 1, Monday,5969,0.1
frame,lgw,Year 1, spring 1, Monday,5970,20.8
frame,lgw,Year 1, spring 1, Monday,5971,21.8
frame,lgw,Year 1, spring 1, Monday,5972,21.0
frame,lgw,Year 1, spring 1, Monday,5973,0.1
frame,lgw,Year 1, spring 1, Monday,5974,21.6
frame,lgw,Year 1, spring 1, Monday,5975,21.6
frame,lgw,Year 1, spring 1, Monday,5976,21.1
frame,lgw,Year 1, spring 1, Monday,5977,20.8
frame,lgw,Year 1, spring 1, Monday,5978,0.1
frame,lgw,Year 1, spring 1, Monday,5979,20.7
frame,lgw,Year 1, spring 1, Monday,5980,20.9
frame,lgw,Year 1, spring 1, Monday,5981,21.7
frame,lgw,Year 1, spring 1, Monday,5982,21.0
frame,lgw,Year 1, spring 1, Monday,5983,0.1
frame,lgw,Year 1, spring 1, Monday,5984,21.2
frame,lgw,Year 1, spring 1, Monday,5985,21.7
frame,lgw,Year 1, spring 1, Monday,5986,21.2
frame,lgw,Year 1, spring 1, Monday,5987,0.1
frame,lgw,Year 1, spring 1, Monday,5988,21.2
frame,lgw,Year 1, spring 1, Monday,5989,21.2
frame,lgw,Year 1, spring 1, Monday,5990,21.0
frame,lgw,Year 1, spring 1, Monday,5991,21.0
frame,lgw,Year 1, spring 1, Monday,5992,0.1
frame,lgw,Year 1, spring 1, Monday,5993,21.3
frame,lgw,Year 1, spring 1, Monday,5994,21.2
frame,lgw,Year 1, spring 1, Monday,5995,20.9
frame,lgw,Year 1, spring 1, Monday,5996,21.6
frame,lgw,Year 1, spring 1, Monday,5997,0.1
frame,lgw,Year 1, spring 1, Monday,5998,21.2
frame,lgw,Year 1, spring 1, Monday,5999,21.0
frame,lgw,Year 1, spring 1, Monday,11120,21.9
frame,lgw,Year 1, spring 1, Monday,11121,21.4
frame,lgw,Year 1, spring 1, Monday,11122,0.1
frame,lgw,Year 1, spring 1, Monday,11123,21.0
frame,lgw,Year 1, spring 1, Monday,11124,21.3
frame,lgw,Year 1, spring 1, Monday,11125,21.3
frame,lgw,Year 1, spring 1, Monday,11126,21.3
frame,lgw,Year 1, spring 1, Monday,11127,0.1
frame,lgw,Year 1, spring 1, Monday,11128,20.9
frame,lgw,Year 1, spring 1, Monday,11129,21.1
frame,lgw,Year 1, spring 1, Monday,11130,21.6
frame,lgw,Year 1, spring 1, Monday,11131,20.9
frame,lgw,Year 1, spring 1, Monday,11132,0.1
frame,lgw,Year 1, spring 1, Monday,11133,22.0
frame,lgw,Year 1, spring 1, Monday,11134,20.9
frame,lgw,Year 1, spring 1, Monday,11135,21.0
frame,lgw,Year 1, spring 1, Monday,11136,0.1
frame,lgw,Year 1, spring 1, Monday,11137,21.3
frame,lgw,Year 1, spring 1, Monday,11138,21.3
frame,lgw,Year 1, spring 1, Monday,11139,21.9
frame,lgw,Year 1, spring 1, Monday,11140,21.2
frame,lgw,Year 1, spring 1, Monday,11141,0.1
frame,lgw,Year 1, spring 1, Monday,11142,21.8
frame,lgw,Year 1, spring 1, Monday,11143,21.2
frame,lgw,Year 1, spring 1, Monday,11144,21.1
frame,lgw,Year 1, spring 1, Monday,11145,0.1
frame,lgw,Year 1, spring 1, Monday,11146,21.5
frame,lgw,Year 1, spring 1, Monday,11147,21.1
frame,lgw,Year 1, spring 1, Monday,11148,21.1
frame,lgw,Year 1, spring 1, Monday,11149,21.0
frame,lgw,Year 1, spring 1, Monday,11150,0.2
frame,lgw,Year 1, spring 1, Monday,11151,21.2
frame,lgw,Year 1, spring 1, Monday,11152,21.8
frame,lgw,Year 1, spring 1, Monday,11153,21.2
frame,lgw,Year 1, spring 1, Monday,11154,0.1
frame,lgw,Year 1, spring 1, Monday,11155,20.8
frame,lgw,Year 1, spring 1, Monday,11156,21.0
frame,lgw,Year 1, spring 1, Monday,11157,21.4
frame,lgw,Year 1, spring 1, Monday,11158,21.2
frame,lgw,Year 1, spring 1, Monday,11159,0.1
frame,lgw,Year 1, spring 1, Monday,11160,21.1
frame,lgw,Year 1, spring 1, Monday,11161,20.9
frame,lgw,Year 1, spring 1, Monday,11162,21.8
frame,lgw,Year 1, spring 1, Monday,11163,21.2
frame,lgw,Year 1, spring 1, Monday,11164,0.1
frame,lgw,Year 1, spring 1, Monday,11165,21.1
frame,lgw,Year 1, spring 1, Monday,11166,21.4
frame,lgw,Year 1, spring 1, Monday,11167,21.3
frame,lgw,Year 1, spring 1, Monday,11168,0.1
frame,lgw,Year 1, spring 1, Monday,11169,20.9
frame,lgw,Year 1, spring 1, Monday,11170,20.8
frame,lgw,Year 1, spring 1, Monday,11171,21.0
frame,lgw,Year 1, spring 1, Monday,11172,21.1
frame,lgw,Year 1, spring 1, Monday,11173,0.1
frame,lgw,Year 1, spring 1, Monday,11174,21.3
frame,lgw,Year 1, spring 1, Monday,11175,21.0
frame,lgw,Year 1, spring 1, Monday,11176,21.4
frame,lgw,Year 1, spring 1, Monday,11177,21.0
frame,lgw,Year 1, spring 1, Monday,11178,0.1
frame,lgw,Year 1, spring 1, Monday,11179,21.1
frame,lgw,Year 1, spring 1, Monday,11180,21.3
frame,lgw,Year 1, spring 1, Monday,11181,21.1
frame,lgw,Year 1, spring 1, Monday,11182,20.8
frame,lgw,Year 1, spring 1, Monday,11183,0.2
frame,lgw,Year 1, spring 1, Monday,11184,21.5
frame,lgw,Year 1, spring 1, Monday,11185,20.9
frame,lgw,Year 1, spring 1, Monday,11186,21.9
frame,lgw,Year 1, spring 1, Monday,11187,0.1
frame,lgw,Year 1, spring 1, Monday,11188,20.9
frame,lgw,Year 1, spring 1, Monday,11189,21.3
frame,lgw,Year 1, spring 1, Monday,11190,21.8
frame,lgw,Year 1, spring 1, Monday,11191,21.0
frame,lgw,Year 1, spring 1, Monday,11192,0.1
frame,lgw,Year 1, spring 1, Monday,11193,20.8
frame,lgw,Year 1, spring 1, Monday,11194,21.7
frame,lgw,Year 1, spring 1, Monday,11195,21.6
frame,lgw,Year 1, spring 1, Monday,11196,0.1
frame,lgw,Year 1, spring 1, Monday,11197,21.8
frame,lgw,Year 1, spring 1, Monday,11198,21.3
frame,lgw,Year 1, spring 1, Monday,11199,21.2
frame,lgw,Year 1, spring 1, Monday,11200,22.4
frame,lgw,Year 1, spring 1, Monday,11201,0.1
frame,lgw,Year 1, spring 1, Monday,11202,21.1
frame,lgw,Year 1, spring 1, Monday,11203,21.1
frame,lgw,Year 1, spring 1, Monday,11204,21.8
frame,lgw,Year 1, spring 1, Monday,11205,0.1
frame,lgw,Year 1, spring 1, Monday,11206,21.9
frame,lgw,Year 1, spring 1, Monday,11207,22.5
frame,lgw,Year 1, spring 1, Monday,11208,21.2
frame,lgw,Year 1, spring 1, Monday,11209,0.1
frame,lgw,Year 1, spring 1, Monday,11210,21.4
frame,lgw,Year 1, spring 1, Monday,11211,21.2
frame,lgw,Year 1, spring 1, Monday,11212,20.9
frame,lgw,Year 1, spring 1, Monday,11213,21.0
frame,lgw,Year 1, spring 1, Monday,11214,0.1
frame,lgw,Year 1, spring 1, Monday,11215,21.7
frame,lgw,Year 1, spring 1, Monday,11216,21.0
frame,lgw,Year 1, spring 1, Monday,11217,21.1
frame,lgw,Year 1, spring 1, Monday,11218,21.0
frame,lgw,Year 1, spring 1, Monday,11219,0.1
frame,lgw,Year 1, spring 1, Monday,11220,21.5
frame,lgw,Year 1, spring 1, Monday,11221,21.0
frame,lgw,Year 1, spring 1, Monday,11222,21.3
frame,lgw,Year 1, spring 1, Monday,11223,0.1
frame,lgw,Year 1, spring 1, Monday,11224,21.0
frame,lgw,Year 1, spring 1, Monday,11225,21.1
frame,lgw,Year 1, spring 1, Monday,11226,21.0
frame,lgw,Year 1, spring 1, Monday,11227,21.2
frame,lgw,Year 1, spring 1, Monday,11228,0.1
frame,lgw,Year 1, spring 1, Monday,11229,21.8
frame,lgw,Year 1, spring 1, Monday,11230,21.1
frame,lgw,Year 1, spring 1, Monday,11231,21.1
frame,lgw,Year 1, spring 1, Monday,11232,21.7
frame,lgw,Year 1, spring 1, Monday,11233,0.2
frame,lgw,Year 1, spring 1, Monday,11234,21.0
frame,lgw,Year 1, spring 1, Monday,11235,21.4
frame,lgw,Year 1, spring 1, Monday,11236,20.9
frame,lgw,Year 1, spring 1, Monday,11237,0.1
frame,lgw,Year 1, spring 1, Monday,11238,20.9
frame,lgw,Year 1, spring 1, Monday,11239,21.1
frame,lgw,Year 1, spring 1, Monday,11240,20.7
frame,lgw,Year 1, spring 1, Monday,11241,21.2
frame,lgw,Year 1, spring 1, Monday,11242,0.3
frame,lgw,Year 1, spring 1, Monday,11243,22.0
frame,lgw,Year 1, spring 1, Monday,11244,21.3
frame,lgw,Year 1, spring 1, Monday,11245,21.1
frame,lgw,Year 1, spring 1, Monday,11246,0.1
frame,lgw,Year 1, spring 1, Monday,11247,21.2
frame,lgw,Year 1, spring 1, Monday,11248,21.2
frame,lgw,Year 1, spring 1, Monday,11249,20.8
frame,lgw,Year 1, spring 1, Monday,11250,20.8
frame,lgw,Year 1, spring 1, Monday,11251,0.1
frame,lgw,Year 1, spring 1, Monday,11252,20.9
frame,lgw,Year 1, spring 1, Monday,11253,21.6
frame,lgw,Year 1, spring 1, Monday,11254,21.2
frame,lgw,Year 1, spring 1, Monday,11255,21.2
frame,lgw,Year 1, spring 1, Monday,11256,0.1
frame,lgw,Year 1, spring 1, Monday,11257,22.1
frame,lgw,Year 1, spring 1, Monday,11258,20.7
frame,lgw,Year 1, spring 1, Monday,11259,21.1
frame,lgw,Year 1, spring 1, Monday,11260,0.1
frame,lgw,Year 1, spring 1, Monday,11261,21.0
frame,lgw,Year 1, spring 1, Monday,11262,21.1
frame,lgw,Year 1, spring 1, Monday,11263,21.1
frame,lgw,Year 1, spring 1, Monday,11264,20.8
frame,lgw,Year 1, spring 1, Monday,11265,0.1
frame,lgw,Year 1, spring 1, Monday,11266,21.3
frame,lgw,Year 1, spring 1, Monday,11267,21.7
frame,lgw,Year 1, spring 1, Monday,11268,22.1
frame,lgw,Year 1, spring 1, Monday,11269,21.2
frame,lgw,Year 1, spring 1, Monday,11270,0.1
frame,lgw,Year 1, spring 1, Monday,11271,21.2
frame,lgw,Year 1, spring 1, Monday,11272,20.9
frame,lgw,Year 1, spring 1, Monday,11273,21.2
frame,lgw,Year 1, spring 1, Monday,11274,0.2
frame,lgw,Year 1, spring 1, Monday,11275,21.9
frame,lgw,Year 1, spring 1, Monday,11276,21.1
frame,lgw,Year 1, spring 1, Monday,11277,20.8
frame,lgw,Year 1, spring 1, Monday,11278,21.3
frame,lgw,Year 1, spring 1, Monday,11279,0.1
frame,lgw,Year 1, spring 1, Monday,11280,21.1
frame,lgw,Year 1, spring 1, Monday,11281,21.3
frame,lgw,Year 1, spring 1, Monday,11282,20.7
frame,lgw,Year 1, spring 1, Monday,11283,21.0
frame,lgw,Year 1, spring 1, Monday,11284,0.1
frame,lgw,Year 1, spring 1, Monday,11285,21.0
frame,lgw,Year 1, spring 1, Monday,11286,21.3
frame,lgw,Year 1, spring 1, Monday,11287,21.0
frame,lgw,Year 1, spring 1, Monday,11288,0.1
frame,lgw,Year 1, spring 1, Monday,11289,20.9
frame,lgw,Year 1, spring 1, Monday,11290,21.8
frame,lgw,Year 1, spring 1, Monday,11291,21.6
frame,lgw,Year 1, spring 1, Monday,11292,22.9
frame,lgw,Year 1, spring 1, Monday,11293,0.1
frame,lgw,Year 1, spring 1, Monday,11294,20.8
frame,lgw,Year 1, spring 1, Monday,11295,21.2
frame,lgw,Year 1, spring 1, Monday,11296,21.2
frame,lgw,Year 1, spring 1, Monday,11297,0.1
frame,lgw,Year 1, spring 1, Monday,11298,21.1
frame,lgw,Year 1, spring 1, Monday,11299,21.5
frame,lgw,Year 1, spring 1, Monday,11300,21.2
frame,lgw,Year 1, spring 1, Monday,11301,21.2
frame,lgw,Year 1, spring 1, Monday,11302,0.4
frame,lgw,Year 1, spring 1, Monday,11303,21.8
frame,lgw,Year 1, spring 1, Monday,11304,21.0
frame,lgw,Year 1, spring 1, Monday,11305,21.6
frame,lgw,Year 1, spring 1, Monday,11306,0.1
frame,lgw,Year 1, spring 1, Monday,11307,20.8
frame,lgw,Year 1, spring 1, Monday,11308,21.2
frame,lgw,Year 1, spring 1, Monday,11309,21.3
frame,lgw,Year 1, spring 1, Monday,11310,21.0
frame,lgw,Year 1, spring 1, Monday,11311,0.1
frame,lgw,Year 1, spring 1, Monday,11312,21.4
frame,lgw,Year 1, spring 1, Monday,11313,23.0
frame,lgw,Year 1, spring 1, Monday,11314,21.2
frame,lgw,Year 1, spring 1, Monday,11315,0.1
frame,lgw,Year 1, spring 1, Monday,11316,21.3
frame,lgw,Year 1, spring 1, Monday,11317,21.2
frame,lgw,Year 1, spring 1, Monday,11318,21.5
frame,lgw,Year 1, spring 1, Monday,11319,22.8
frame,lgw,Year 1, spring 1, Monday,11320,0.1
frame,lgw,Year 1, spring 1, Monday,11321,20.8
frame,lgw,Year 1, spring 1, Monday,11322,20.9
frame,lgw,Year 1, spring 1, Monday,11323,21.8
frame,lgw,Year 1, spring 1, Monday,11324,0.1
frame,lgw,Year 1, spring 1, Monday,11325,21.2
frame,lgw,Year 1, spring 1, Monday,11326,21.2
frame,lgw,Year 1, spring 1, Monday,11327,21.8
frame,lgw,Year 1, spring 1, Monday,11328,21.0
frame,lgw,Year 1, spring 1, Monday,11329,0.3
frame,lgw,Year 1, spring 1, Monday,11330,21.4
frame,lgw,Year 1, spring 1, Monday,11331,21.3
frame,lgw,Year 1, spring 1, Monday,11332,21.0
frame,lgw,Year 1, spring 1, Monday,11333,0.1
frame,lgw,Year 1, spring 1, Monday,11334,21.4
frame,lgw,Year 1, spring 1, Monday,11335,20.8
frame,lgw,Year 1, spring 1, Monday,11336,21.0
frame,lgw,Year 1, spring 1, Monday,11337,21.8
frame,lgw,Year 1, spring 1, Monday,11338,0.1
frame,lgw,Year 1, spring 1, Monday,11339,21.0
frame,lgw,Year 1, spring 1, Monday,11340,21.0
frame,lgw,Year 1, spring 1, Monday,11341,21.7
frame,lgw,Year 1, spring 1, Monday,11342,21.0
frame,lgw,Year 1, spring 1, Monday,11343,0.1
frame,lgw,Year 1, spring 1, Monday,11344,20.9
frame,lgw,Year 1, spring 1, Monday,11345,21.5
frame,lgw,Year 1, spring 1, Monday,11346,21.2
frame,lgw,Year 1, spring 1, Monday,11347,0.1
frame,lgw,Year 1, spring 1, Monday,11348,21.1
frame,lgw,Year 1, spring 1, Monday,11349,21.1
frame,lgw,Year 1, spring 1, Monday,11350,21.5
frame,lgw,Year 1, spring 1, Monday,11351,21.1
frame,lgw,Year 1, spring 1, Monday,11352,0.1
frame,lgw,Year 1, spring 1, Monday,11353,20.9
frame,lgw,Year 1, spring 1, Monday,11354,21.8
frame,lgw,Year 1, spring 1, Monday,11355,20.8
frame,lgw,Year 1, spring 1, Monday,11356,20.8
frame,lgw,Year 1, spring 1, Monday,11357,0.1
frame,lgw,Year 1, spring 1, Monday,11358,21.2
frame,lgw,Year 1, spring 1, Monday,11359,20.9
frame,lgw,Year 1, spring 1, Monday,11360,20.9
frame,lgw,Year 1, spring 1, Monday,11361,21.3
frame,lgw,Year 1, spring 1, Monday,11362,0.1
frame,lgw,Year 1, spring 1, Monday,11363,21.0
frame,lgw,Year 1, spring 1, Monday,11364,21.0
frame,lgw,Year 1, spring 1, Monday,11365,21.0
frame,lgw,Year 1, spring 1, Monday,11366,0.1
frame,lgw,Year 1, spring 1, Monday,11367,21.1
frame,lgw,Year 1, spring 1, Monday,11368,21.3
frame,lgw,Year 1, spring 1, Monday,11369,22.0
frame,lgw,Year 1, spring 1, Monday,11370,21.2
frame,lgw,Year 1, spring 1, Monday,11371,0.1
frame,lgw,Year 1, spring 1, Monday,11372,20.9
frame,lgw,Year 1, spring 1, Monday,11373,21.1
frame,lgw,Year 1, spring 1, Monday,11374,21.6
frame,lgw,Year 1, spring 1, Monday,11375,0.1
frame,lgw,Year 1, spring 1, Monday,11376,20.9
frame,lgw,Year 1, spring 1, Monday,11377,21.3
frame,lgw,Year 1, spring 1, Monday,11378,21.0
frame,lgw,Year 1, spring 1, Monday,11379,21.3
frame,lgw,Year 1, spring 1, Monday,11380,0.1
frame,lgw,Year 1, spring 1, Monday,11381,21.2
frame,lgw,Year 1, spring 1, Monday,11382,20.8
frame,lgw,Year 1, spring 1, Monday,11383,22.3
frame,lgw,Year 1, spring 1, Monday,11384,21.2
frame,lgw,Year 1, spring 1, Monday,11385,0.1
frame,lgw,Year 1, spring 1, Monday,11386,21.7
frame,lgw,Year 1, spring 1, Monday,11387,21.8
frame,lgw,Year 1, spring 1, Monday,11388,21.4
frame,lgw,Year 1, spring 1, Monday,11389,0.1
frame,lgw,Year 1, spring 1, Monday,11390,21.1
frame,lgw,Year 1, spring 1, Monday,11391,21.2
frame,lgw,Year 1, spring 1, Monday,11392,21.4
frame,lgw,Year 1, spring 1, Monday,11393,21.2
frame,lgw,Year 1, spring 1, Monday,11394,0.1
frame,lgw,Year 1, spring 1, Monday,11395,20.9
frame,lgw,Year 1, spring 1, Monday,11396,21.6
frame,lgw,Year 1, spring 1, Monday,11397,21.4
frame,lgw,Year 1, spring 1, Monday,11398,0.1
frame,lgw,Year 1, spring 1, Monday,11399,21.2
frame,lgw,Year 1, spring 1, Monday,11400,21.0
frame,lgw,Year 1, spring 1, Monday,11401,21.3
frame,lgw,Year 1, spring 1, Monday,11402,21.0
frame,lgw,Year 1, spring 1, Monday,11403,0.1
frame,lgw,Year 1, spring 1, Monday,11404,21.2
frame,lgw,Year 1, spring 1, Monday,11405,21.5
frame,lgw,Year 1, spring 1, Monday,11406,21.5
frame,lgw,Year 1, spring 1, Monday,11407,0.1
frame,lgw,Year 1, spring 1, Monday,11408,21.3
frame,lgw,Year 1, spring 1, Monday,11409,21.2
frame,lgw,Year 1, spring 1, Monday,11410,21.0
frame,lgw,Year 1, spring 1, Monday,11411,21.0
frame,lgw,Year 1, spring 1, Monday,11412,0.1
frame,lgw,Year 1, spring 1, Monday,11413,21.7
frame,lgw,Year 1, spring 1, Monday,11414,20.7
frame,lgw,Year 1, spring 1, Monday,11415,21.1
frame,lgw,Year 1, spring 1, Monday,11416,21.6
frame,lgw,Year 1, spring 1, Monday,11417,0.1
frame,lgw,Year 1, spring 1, Monday,11418,21.1
frame,lgw,Year 1, spring 1, Monday,11419,22.6
frame,lgw,Year 1, spring 1, Monday,11420,22.0
frame,lgw,Year 1, spring 1, Monday,11421,0.1
frame,lgw,Year 1, spring 1, Monday,11422,21.4
frame,lgw,Year 1, spring 1, Monday,11423,21.6
frame,lgw,Year 1, spring 1, Monday,11424,21.3
frame,lgw,Year 1, spring 1, Monday,11425,0.1
frame,lgw,Year 1, spring 1, Monday,11426,20.7
frame,lgw,Year 1, spring 1, Monday,11427,21.2
frame,lgw,Year 1, spring 1, Monday,11428,21.3
frame,lgw,Year 1, spring 1, Monday,11429,20.9
frame,lgw,Year 1, spring 1, Monday,11430,0.3
frame,lgw,Year 1, spring 1, Monday,11431,22.0
frame,lgw,Year 1, spring 1, Monday,11432,22.0
frame,lgw,Year 1, spring 1, Monday,11433,21.4
frame,lgw,Year 1, spring 1, Monday,11434,0.1
frame,lgw,Year 1, spring 1, Monday,11435,20.9
frame,lgw,Year 1, spring 1, Monday,11436,21.4
frame,lgw,Year 1, spring 1, Monday,11437,21.0
frame,lgw,Year 1, spring 1, Monday,11438,21.3
frame,lgw,Year 1, spring 1, Monday,11439,0.1
frame,lgw,Year 1, spring 1, Monday,11440,20.9
frame,lgw,Year 1, spring 1, Monday,11441,21.1
frame,lgw,Year 1, spring 1, Monday,11442,21.2
frame,lgw,Year 1, spring 1, Monday,11443,21.2
frame,lgw,Year 1, spring 1, Monday,11444,0.2
frame,lgw,Year 1, spring 1, Monday,11445,21.2
frame,lgw,Year 1, spring 1, Monday,11446,20.9
frame,lgw,Year 1, spring 1, Monday,11447,21.2
frame,lgw,Year 1, spring 1, Monday,11448,21.1
frame,lgw,Year 1, spring 1, Monday,11449,0.1
frame,lgw,Year 1, spring 1, Monday,11450,21.1
frame,lgw,Year 1, spring 1, Monday,11451,20.7
frame,lgw,Year 1, spring 1, Monday,11452,21.7
frame,lgw,Year 1, spring 1, Monday,11453,0.1
frame,lgw,Year 1, spring 1, Monday,11454,21.3
frame,lgw,Year 1, spring 1, Monday,11455,21.1
frame,lgw,Year 1, spring 1, Monday,11456,21.0
frame,lgw,Year 1, spring 1, Monday,11457,21.6
frame,lgw,Year 1, spring 1, Monday,11458,0.3
frame,lgw,Year 1, spring 1, Monday,11459,21.9
frame,lgw,Year 1, spring 1, Monday,11460,21.0
frame,lgw,Year 1, spring 1, Monday,11461,20.8
frame,lgw,Year 1, spring 1, Monday,11462,21.1
frame,lgw,Year 1, spring 1, Monday,11463,0.1
frame,lgw,Year 1, spring 1, Monday,11464,21.1
frame,lgw,Year 1, spring 1, Monday,11465,20.8
frame,lgw,Year 1, spring 1, Monday,11466,21.2
frame,lgw,Year 1, spring 1, Monday,11467,0.1
frame,lgw,Year 1, spring 1, Monday,11468,21.8
frame,lgw,Year 1, spring 1, Monday,11469,21.2
frame,lgw,Year 1, spring 1, Monday,11470,21.0
frame,lgw,Year 1, spring 1, Monday,11471,21.0
frame,lgw,Year 1, spring 1, Monday,11472,0.1
frame,lgw,Year 1, spring 1, Monday,11473,20.9
frame,lgw,Year 1, spring 1, Monday,11474,21.4
frame,lgw,Year 1, spring 1, Monday,11475,21.7
frame,lgw,Year 1, spring 1, Monday,11476,0.1
frame,lgw,Year 1, spring 1, Monday,11477,21.3
frame,lgw,Year 1, spring 1, Monday,11478,21.2
frame,lgw,Year 1, spring 1, Monday,11479,21.0
frame,lgw,Year 1, spring 1, Monday,11480,21.0
frame,lgw,Year 1, spring 1, Monday,11481,0.1
frame,lgw,Year 1, spring 1, Monday,11482,21.0
frame,lgw,Year 1, spring 1, Monday,11483,21.5
frame,lgw,Year 1, spring 1, Monday,11484,21.0
frame,lgw,Year 1, spring 1, Monday,11485,21.3
frame,lgw,Year 1, spring 1, Monday,11486,0.1
frame,lgw,Year 1, spring 1, Monday,11487,21.1
frame,lgw,Year 1, spring 1, Monday,11488,21.5
frame,lgw,Year 1, spring 1, Monday,11489,21.2
frame,lgw,Year 1, spring 1, Monday,11490,0.1
frame,lgw,Year 1, spring 1, Monday,11491,21.4
frame,lgw,Year 1, spring 1, Monday,11492,21.2
frame,lgw,Year 1, spring 1, Monday,11493,20.9
frame,lgw,Year 1, spring 1, Monday,11494,20.9
frame,lgw,Year 1, spring 1, Monday,11495,0.1
frame,lgw,Year 1, spring 1, Monday,11496,21.3
frame,lgw,Year 1, spring 1, Monday,11497,21.5
frame,lgw,Year 1, spring 1, Monday,11498,21.8
frame,lgw,Year 1, spring 1, Monday,11499,21.3
frame,lgw,Year 1, spring 1, Monday,11500,0.1
frame,lgw,Year 1, spring 1, Monday,11501,20.8
frame,lgw,Year 1, spring 1, Monday,11502,20.9
frame,lgw,Year 1, spring 1, Monday,11503,21.3
frame,lgw,Year 1, spring 1, Monday,11504,0.1
frame,lgw,Year 1, spring 1, Monday,11505,21.1
frame,lgw,Year 1, spring 1, Monday,11506,21.3
frame,lgw,Year 1, spring 1, Monday,11507,20.8
frame,lgw,Year 1, spring 1, Monday,11508,21.6
frame,lgw,Year 1, spring 1, Monday,11509,0.1
frame,lgw,Year 1, spring 1, Monday,11510,21.2
frame,lgw,Year 1, spring 1, Monday,11511,23.0
frame,lgw,Year 1, spring 1, Monday,11512,21.3
frame,lgw,Year 1, spring 1, Monday,11513,0.1
frame,lgw,Year 1, spring 1, Monday,11514,20.8
frame,lgw,Year 1, spring 1, Monday,11515,20.9
frame,lgw,Year 1, spring 1, Monday,11516,21.6
frame,lgw,Year 1, spring 1, Monday,11517,21.3
frame,lgw,Year 1, spring 1, Monday,11518,0.5
frame,lgw,Year 1, spring 1, Monday,11519,21.1
frame,lgw,Year 1, spring 1, Monday,11520,21.3
frame,lgw,Year 1, spring 1, Monday,11521,20.8
frame,lgw,Year 1, spring 1, Monday,11522,21.2
frame,lgw,Year 1, spring 1, Monday,11523,0.1
frame,lgw,Year 1, spring 1, Monday,11524,21.0
frame,lgw,Year 1, spring 1, Monday,11525,21.0
frame,lgw,Year 1, spring 1, Monday,11526,21.0
frame,lgw,Year 1, spring 1, Monday,11527,0.1
frame,lgw,Year 1, spring 1, Monday,11528,21.7
frame,lgw,Year 1, spring 1, Monday,11529,21.0
frame,lgw,Year 1, spring 1, Monday,11530,20.9
frame,lgw,Year 1, spring 1, Monday,11531,21.1
frame,lgw,Year 1, spring 1, Monday,11532,0.1
frame,lgw,Year 1, spring 1, Monday,11533,20.9
frame,lgw,Year 1, spring 1, Monday,11534,21.0
frame,lgw,Year 1, spring 1, Monday,11535,20.9
frame,lgw,Year 1, spring 1, Monday,11536,21.8
frame,lgw,Year 1, spring 1, Monday,11537,0.2
frame,lgw,Year 1, spring 1, Monday,11538,21.0
frame,lgw,Year 1, spring 1, Monday,11539,21.2
frame,lgw,Year 1, spring 1, Monday,11540,20.8
frame,lgw,Year 1, spring 1, Monday,11541,20.9
frame,lgw,Year 1, spring 1, Monday,11542,0.2
frame,lgw,Year 1, spring 1, Monday,11543,21.0
frame,lgw,Year 1, spring 1, Monday,11544,21.2
frame,lgw,Year 1, spring 1, Monday,11545,21.2
frame,lgw,Year 1, spring 1, Monday,11546,0.1
frame,lgw,Year 1, spring 1, Monday,11547,21.5
frame,lgw,Year 1, spring 1, Monday,11548,21.1
frame,lgw,Year 1, spring 1, Monday,11549,22.0
frame,lgw,Year 1, spring 1, Monday,11550,21.0
frame,lgw,Year 1, spring 1, Monday,11551,0.1
frame,lgw,Year 1, spring 1, Monday,11552,20.9
frame,lgw,Year 1, spring 1, Monday,11553,21.8
frame,lgw,Year 1, spring 1, Monday,11554,21.4
frame,lgw,Year 1, spring 1, Monday,11555,0.2
frame,lgw,Year 1, spring 1, Monday,11556,21.3
frame,lgw,Year 1, spring 1, Monday,11557,21.3
frame,lgw,Year 1, spring 1, Monday,11558,21.1
frame,lgw,Year 1, spring 1, Monday,11559,22.2
frame,lgw,Year 1, spring 1, Monday,11560,0.1
frame,lgw,Year 1, spring 1, Monday,11561,21.5
frame,lgw,Year 1, spring 1, Monday,11562,21.4
frame,lgw,Year 1, spring 1, Monday,11563,21.0
frame,lgw,Year 1, spring 1, Monday,11564,0.1
frame,lgw,Year 1, spring 1, Monday,11565,20.8
frame,lgw,Year 1, spring 1, Monday,11566,21.3
frame,lgw,Year 1, spring 1, Monday,11567,21.0
frame,lgw,Year 1, spring 1, Monday,11568,21.1
frame,lgw,Year 1, spring 1, Monday,11569,0.1
frame,lgw,Year 1, spring 1, Monday,11570,21.2
frame,lgw,Year 1, spring 1, Monday,11571,21.5
frame,lgw,Year 1, spring 1, Monday,11572,21.1
frame,lgw,Year 1, spring 1, Monday,11573,21.6
frame,lgw,Year 1, spring 1, Monday,11574,0.1
frame,lgw,Year 1, spring 1, Monday,11575,21.1
frame,lgw,Year 1, spring 1, Monday,11576,21.3
frame,lgw,Year 1, spring 1, Monday,11577,21.6
frame,lgw,Year 1, spring 1, Monday,11578,0.1
frame,lgw,Year 1, spring 1, Monday,11579,21.0
frame,lgw,Year 1, spring 1, Monday,11580,21.2
frame,lgw,Year 1, spring 1, Monday,11581,21.2
frame,lgw,Year 1, spring 1, Monday,11582,21.1
frame,lgw,Year 1, spring 1, Monday,11583,0.1
frame,lgw,Year 1, spring 1, Monday,11584,21.0
frame,lgw,Year 1, spring 1, Monday,11585,21.4
frame,lgw,Year 1, spring 1, Monday,11586,20.9
frame,lgw,Year 1, spring 1, Monday,11587,20.9
frame,lgw,Year 1, spring 1, Monday,11588,0.1
frame,lgw,Year 1, spring 1, Monday,11589,21.7
frame,lgw,Year 1, spring 1, Monday,11590,21.4
frame,lgw,Year 1, spring 1, Monday,11591,21.3
frame,lgw,Year 1, spring 1, Monday,11592,0.1
frame,lgw,Year 1, spring 1, Monday,11593,21.0
frame,lgw,Year 1, spring 1, Monday,11594,21.1
frame,lgw,Year 1, spring 1, Monday,11595,21.6
frame,lgw,Year 1, spring 1, Monday,11596,21.0
frame,lgw,Year 1, spring 1, Monday,11597,0.3
frame,lgw,Year 1, spring 1, Monday,11598,22.3
frame,lgw,Year 1, spring 1, Monday,11599,21.6
frame,lgw,Year 1, spring 1, Monday,11600,21.3
frame,lgw,Year 1, spring 1, Monday,11601,0.1
frame,lgw,Year 1, spring 1, Monday,11602,20.9
frame,lgw,Year 1, spring 1, Monday,11603,20.9
frame,lgw,Year 1, spring 1, Monday,11604,21.4
frame,lgw,Year 1, spring 1, Monday,11605,21.7
frame,lgw,Year 1, spring 1, Monday,11606,0.1
frame,lgw,Year 1, spring 1, Monday,11607,21.4
frame,lgw,Year 1, spring 1, Monday,11608,21.2
frame,lgw,Year 1, spring 1, Monday,11609,21.9
frame,lgw,Year 1, spring 1, Monday,11610,0.1
frame,lgw,Year 1, spring 1, Monday,11611,21.1
frame,lgw,Year 1, spring 1, Monday,11612,21.5
frame,lgw,Year 1, spring 1, Monday,11613,21.2
frame,lgw,Year 1, spring 1, Monday,11614,21.6
frame,lgw,Year 1, spring 1, Monday,11615,0.3
frame,lgw,Year 1, spring 1, Monday,11616,21.8
frame,lgw,Year 1, spring 1, Monday,11617,21.4
frame,lgw,Year 1, spring 1, Monday,11618,21.1
frame,lgw,Year 1, spring 1, Monday,11619,0.1
frame,lgw,Year 1, spring 1, Monday,11620,21.4
frame,lgw,Year 1, spring 1, Monday,11621,21.4
frame,lgw,Year 1, spring 1, Monday,11622,21.1
frame,lgw,Year 1, spring 1, Monday,11623,21.7
frame,lgw,Year 1, spring 1, Monday,11624,0.1
frame,lgw,Year 1, spring 1, Monday,11625,21.7
frame,lgw,Year 1, spring 1, Monday,11626,21.2
frame,lgw,Year 1, spring 1, Monday,11627,21.3
frame,lgw,Year 1, spring 1, Monday,11628,0.1
frame,lgw,Year 1, spring 1, Monday,11629,20.8
frame,lgw,Year 1, spring 1, Monday,11630,20.8
frame,lgw,Year 1, spring 1, Monday,11631,21.1
frame,lgw,Year 1, spring 1, Monday,11632,21.1
frame,lgw,Year 1, spring 1, Monday,11633,0.1
frame,lgw,Year 1, spring 1, Monday,11634,21.2
frame,lgw,Year 1, spring 1, Monday,11635,20.9
frame,lgw,Year 1, spring 1, Monday,11636,21.4
frame,lgw,Year 1, spring 1, Monday,11637,22.3
frame,lgw,Year 1, spring 1, Monday,11638,0.1
frame,lgw,Year 1, spring 1, Monday,11639,21.3
frame,lgw,Year 1, spring 1, Monday,11640,21.0
frame,lgw,Year 1, spring 1, Monday,11641,21.2
frame,lgw,Year 1, spring 1, Monday,11642,0.1
frame,lgw,Year 1, spring 1, Monday,11643,21.6
frame,lgw,Year 1, spring 1, Monday,11644,22.6
frame,lgw,Year 1, spring 1, Monday,11645,21.3
frame,lgw,Year 1, spring 1, Monday,11646,0.1
frame,lgw,Year 1, spring 1, Monday,11647,21.1
frame,lgw,Year 1, spring 1, Monday,11648,21.1
frame,lgw,Year 1, spring 1, Monday,11649,20.9
frame,lgw,Year 1, spring 1, Monday,11650,21.3
frame,lgw,Year 1, spring 1, Monday,11651,0.1
frame,lgw,Year 1, spring 1, Monday,11652,21.0
frame,lgw,Year 1, spring 1, Monday,11653,21.0
frame,lgw,Year 1, spring 1, Monday,11654,21.3
frame,lgw,Year 1, spring 1, Monday,11655,21.6
frame,lgw,Year 1, spring 1, Monday,11656,0.1
frame,lgw,Year 1, spring 1, Monday,11657,21.6
frame,lgw,Year 1, spring 1, Monday,11658,21.0
frame,lgw,Year 1, spring 1, Monday,11659,21.1
frame,lgw,Year 1, spring 1, Monday,11660,0.1
frame,lgw,Year 1, spring 1, Monday,11661,21.2
frame,lgw,Year 1, spring 1, Monday,11662,21.1
frame,lgw,Year 1, spring 1, Monday,11663,20.9
frame,lgw,Year 1, spring 1, Monday,11664,21.6
frame,lgw,Year 1, spring 1, Monday,11665,0.1
frame,lgw,Year 1, spring 1, Monday,11666,21.3
frame,lgw,Year 1, spring 1, Monday,11667,21.0
frame,lgw,Year 1, spring 1, Monday,11668,21.2
frame,lgw,Year 1, spring 1, Monday,11669,21.1
frame,lgw,Year 1, spring 1, Monday,11670,0.1
frame,lgw,Year 1, spring 1, Monday,11671,21.0
frame,lgw,Year 1, spring 1, Monday,11672,21.9
frame,lgw,Year 1, spring 1, Monday,11673,21.3
frame,lgw,Year 1, spring 1, Monday,11674,0.2
frame,lgw,Year 1, spring 1, Monday,11675,21.3
frame,lgw,Year 1, spring 1, Monday,11676,21.0
frame,lgw,Year 1, spring 1, Monday,11677,21.0
frame,lgw,Year 1, spring 1, Monday,11678,21.6
frame,lgw,Year 1, spring 1, Monday,11679,0.3
frame,lgw,Year 1, spring 1, Monday,11680,21.8
frame,lgw,Year 1, spring 1, Monday,11681,21.6
frame,lgw,Year 1, spring 1, Monday,11682,20.8
frame,lgw,Year 1, spring 1, Monday,11683,0.1
frame,lgw,Year 1, spring 1, Monday,11684,21.1
frame,lgw,Year 1, spring 1, Monday,11685,20.9
frame,lgw,Year 1, spring 1, Monday,11686,20.9
frame,lgw,Year 1, spring 1, Monday,11687,21.5
frame,lgw,Year 1, spring 1, Monday,11688,0.1
frame,lgw,Year 1, spring 1, Monday,11689,21.2
frame,lgw,Year 1, spring 1, Monday,11690,21.5
frame,lgw,Year 1, spring 1, Monday,11691,20.8
frame,lgw,Year 1, spring 1, Monday,11692,21.0
frame,lgw,Year 1, spring 1, Monday,11693,0.1
frame,lgw,Year 1, spring 1, Monday,11694,21.2
frame,lgw,Year 1, spring 1, Monday,11695,21.1
frame,lgw,Year 1, spring 1, Monday,11696,20.8
frame,lgw,Year 1, spring 1, Monday,11697,21.2
frame,lgw,Year 1, spring 1, Monday,11698,0.1
frame,lgw,Year 1, spring 1, Monday,11699,21.2
frame,lgw,Year 1, spring 1, Monday,11700,21.0
frame,lgw,Year 1, spring 1, Monday,11701,21.1
frame,lgw,Year 1, spring 1, Monday,11702,0.1
frame,lgw,Year 1, spring 1, Monday,11703,21.5
frame,lgw,Year 1, spring 1, Monday,11704,21.8
frame,lgw,Year 1, spring 1, Monday,11705,21.2
frame,lgw,Year 1, spring 1, Monday,11706,21.5
frame,lgw,Year 1, spring 1, Monday,11707,0.1
frame,lgw,Year 1, spring 1, Monday,11708,21.2
frame,lgw,Year 1, spring 1, Monday,11709,20.9
frame,lgw,Year 1, spring 1, Monday,11710,21.4
frame,lgw,Year 1, spring 1, Monday,11711,0.1
frame,lgw,Year 1, spring 1, Monday,11712,20.8
frame,lgw,Year 1, spring 1, Monday,11713,20.9
frame,lgw,Year 1, spring 1, Monday,11714,20.9
frame,lgw,Year 1, spring 1, Monday,11715,20.9
frame,lgw,Year 1, spring 1, Monday,11716,0.1
frame,lgw,Year 1, spring 1, Monday,11717,21.2
frame,lgw,Year 1, spring 1, Monday,11718,20.9
frame,lgw,Year 1, spring 1, Monday,11719,21.4
frame,lgw,Year 1, spring 1, Monday,11720,20.8
frame,lgw,Year 1, spring 1, Monday,11721,0.1
frame,lgw,Year 1, spring 1, Monday,11722,21.7
frame,lgw,Year 1, spring 1, Monday,11723,21.1
frame,lgw,Year 1, spring 1, Monday,11724,20.9
frame,lgw,Year 1, spring 1, Monday,11725,21.0
frame,lgw,Year 1, spring 1, Monday,11726,0.1
frame,lgw,Year 1, spring 1, Monday,11727,21.3
frame,lgw,Year 1, spring 1, Monday,11728,21.1
frame,lgw,Year 1, spring 1, Monday,11729,21.1
frame,lgw,Year 1, spring 1, Monday,11730,0.1
frame,lgw,Year 1, spring 1, Monday,11731,20.9
frame,lgw,Year 1, spring 1, Monday,11732,21.2
frame,lgw,Year 1, spring 1, Monday,11733,21.4
frame,lgw,Year 1, spring 1, Monday,11734,21.4
frame,lgw,Year 1, spring 1, Monday,11735,0.3
frame,lgw,Year 1, spring 1, Monday,11736,21.3
frame,lgw,Year 1, spring 1, Monday,11737,21.1
frame,lgw,Year 1, spring 1, Monday,11738,21.0
frame,lgw,Year 1, spring 1, Monday,11739,21.3
frame,lgw,Year 1, spring 1, Monday,11740,0.1
frame,lgw,Year 1, spring 1, Monday,11741,20.7
frame,lgw,Year 1, spring 1, Monday,11742,21.3
frame,lgw,Year 1, spring 1, Monday,11743,21.5
frame,lgw,Year 1, spring 1, Monday,11744,0.1
frame,lgw,Year 1, spring 1, Monday,11745,21.2
frame,lgw,Year 1, spring 1, Monday,11746,21.1
frame,lgw,Year 1, spring 1, Monday,11747,20.9
frame,lgw,Year 1, spring 1, Monday,11748,21.2
frame,lgw,Year 1, spring 1, Monday,11749,0.1
frame,lgw,Year 1, spring 1, Monday,11750,21.0
frame,lgw,Year 1, spring 1, Monday,11751,21.7
frame,lgw,Year 1, spring 1, Monday,11752,21.0
frame,lgw,Year 1, spring 1, Monday,11753,21.6
frame,lgw,Year 1, spring 1, Monday,11754,0.1
frame,lgw,Year 1, spring 1, Monday,11755,20.9
frame,lgw,Year 1, spring 1, Monday,11756,21.2
frame,lgw,Year 1, spring 1, Monday,11757,21.6
frame,lgw,Year 1, spring 1, Monday,11758,0.1
frame,lgw,Year 1, spring 1, Monday,11759,21.0
frame,lgw,Year 1, spring 1, Monday,11760,21.3
frame,lgw,Year 1, spring 1, Monday,11761,21.0
frame,lgw,Year 1, spring 1, Monday,11762,20.9
frame,lgw,Year 1, spring 1, Monday,11763,0.3
frame,lgw,Year 1, spring 1, Monday,11764,21.4
frame,lgw,Year 1, spring 1, Monday,11765,22.1
frame,lgw,Year 1, spring 1, Monday,11766,20.8
frame,lgw,Year 1, spring 1, Monday,11767,0.1
frame,lgw,Year 1, spring 1, Monday,11768,21.1
frame,lgw,Year 1, spring 1, Monday,11769,20.9
frame,lgw,Year 1, spring 1, Monday,11770,21.1
frame,lgw,Year 1, spring 1, Monday,11771,21.3
frame,lgw,Year 1, spring 1, Monday,11772,0.1
frame,lgw,Year 1, spring 1, Monday,11773,21.5
frame,lgw,Year 1, spring 1, Monday,11774,21.6
frame,lgw,Year 1, spring 1, Monday,11775,21.4
frame,lgw,Year 1, spring 1, Monday,11776,21.9
frame,lgw,Year 1, spring 1, Monday,11777,0.1
frame,lgw,Year 1, spring 1, Monday,11778,21.0
frame,lgw,Year 1, spring 1, Monday,11779,20.8
frame,lgw,Year 1, spring 1, Monday,11780,21.0
frame,lgw,Year 1, spring 1, Monday,11781,0.1
frame,lgw,Year 1, spring 1, Monday,11782,21.1
frame,lgw,Year 1, spring 1, Monday,11783,21.1
frame,lgw,Year 1, spring 1, Monday,11784,21.1
frame,lgw,Year 1, spring 1, Monday,11785,21.7
frame,lgw,Year 1, spring 1, Monday,11786,0.1
frame,lgw,Year 1, spring 1, Monday,11787,21.4
frame,lgw,Year 1, spring 1, Monday,11788,20.8
frame,lgw,Year 1, spring 1, Monday,11789,21.0
frame,lgw,Year 1, spring 1, Monday,11790,21.1
frame,lgw,Year 1, spring 1, Monday,11791,0.1
frame,lgw,Year 1, spring 1, Monday,11792,21.0
frame,lgw,Year 1, spring 1, Monday,11793,20.9
frame,lgw,Year 1, spring 1, Monday,11794,21.1
frame,lgw,Year 1, spring 1, Monday,11795,20.8
frame,lgw,Year 1, spring 1, Monday,11796,0.1
frame,lgw,Year 1, spring 1, Monday,11797,20.8
frame,lgw,Year 1, spring 1, Monday,11798,21.2
frame,lgw,Year 1, spring 1, Monday,11799,22.1
frame,lgw,Year 1, spring 1, Monday,11800,0.1
frame,lgw,Year 1, spring 1, Monday,11801,22.0
frame,lgw,Year 1, spring 1, Monday,11802,21.1
frame,lgw,Year 1, spring 1, Monday,11803,21.5
frame,lgw,Year 1, spring 1, Monday,11804,21.1
frame,lgw,Year 1, spring 1, Monday,11805,0.1
frame,lgw,Year 1, spring 1, Monday,11806,20.8
frame,lgw,Year 1, spring 1, Monday,11807,20.8
frame,lgw,Year 1, spring 1, Monday,11808,21.1
frame,lgw,Year 1, spring 1, Monday,11809,0.1
frame,lgw,Year 1, spring 1, Monday,11810,21.3
frame,lgw,Year 1, spring 1, Monday,11811,20.8
frame,lgw,Year 1, spring 1, Monday,11812,21.2
frame,lgw,Year 1, spring 1, Monday,11813,21.4
frame,lgw,Year 1, spring 1, Monday,11814,0.2
frame,lgw,Year 1, spring 1, Monday,11815,21.2
frame,lgw,Year 1, spring 1, Monday,11816,21.3
frame,lgw,Year 1, spring 1, Monday,11817,21.6
frame,lgw,Year 1, spring 1, Monday,11818,21.0
frame,lgw,Year 1, spring 1, Monday,11819,0.1
frame,lgw,Year 1, spring 1, Monday,11820,21.2
frame,lgw,Year 1, spring 1, Monday,11821,21.3
frame,lgw,Year 1, spring 1, Monday,11822,21.1
frame,lgw,Year 1, spring 1, Monday,11823,0.1
frame,lgw,Year 1, spring 1, Monday,11824,21.5
frame,lgw,Year 1, spring 1, Monday,11825,21.2
frame,lgw,Year 1, spring 1, Monday,11826,21.4
frame,lgw,Year 1, spring 1, Monday,11827,21.0
frame,lgw,Year 1, spring 1, Monday,11828,0.1
frame,lgw,Year 1, spring 1, Monday,11829,21.2
frame,lgw,Year 1, spring 1, Monday,11830,20.9
frame,lgw,Year 1, spring 1, Monday,11831,21.0
frame,lgw,Year 1, spring 1, Monday,11832,20.8
frame,lgw,Year 1, spring 1, Monday,11833,0.1
frame,lgw,Year 1, spring 1, Monday,11834,21.3
frame,lgw,Year 1, spring 1, Monday,11835,21.6
frame,lgw,Year 1, spring 1, Monday,11836,21.0
frame,lgw,Year 1, spring 1, Monday,11837,0.1
frame,lgw,Year 1, spring 1, Monday,11838,21.2
frame,lgw,Year 1, spring 1, Monday,11839,21.3
frame,lgw,Year 1, spring 1, Monday,11840,21.1
frame,lgw,Year 1, spring 1, Monday,11841,21.6
frame,lgw,Year 1, spring 1, Monday,11842,0.2
frame,lgw,Year 1, spring 1, Monday,11843,22.6
frame,lgw,Year 1, spring 1, Monday,11844,21.1
frame,lgw,Year 1, spring 1, Monday,11845,21.0
frame,lgw,Year 1, spring 1, Monday,11846,0.1
frame,lgw,Year 1, spring 1, Monday,11847,21.3
frame,lgw,Year 1, spring 1, Monday,11848,21.7
frame,lgw,Year 1, spring 1, Monday,11849,21.7
frame,lgw,Year 1, spring 1, Monday,11850,21.7
frame,lgw,Year 1, spring 1, Monday,11851,0.1
frame,lgw,Year 1, spring 1, Monday,11852,21.0
frame,lgw,Year 1, spring 1, Monday,11853,20.8
frame,lgw,Year 1, spring 1, Monday,11854,22.1
frame,lgw,Year 1, spring 1, Monday,11855,0.1
frame,lgw,Year 1, spring 1, Monday,11856,21.1
frame,lgw,Year 1, spring 1, Monday,11857,21.1
frame,lgw,Year 1, spring 1, Monday,11858,22.2
frame,lgw,Year 1, spring 1, Monday,11859,22.1
frame,lgw,Year 1, spring 1, Monday,11860,0.1
frame,lgw,Year 1, spring 1, Monday,11861,21.4
frame,lgw,Year 1, spring 1, Monday,11862,21.2
frame,lgw,Year 1, spring 1, Monday,11863,21.2
frame,lgw,Year 1, spring 1, Monday,11864,0.1
frame,lgw,Year 1, spring 1, Monday,11865,21.7
frame,lgw,Year 1, spring 1, Monday,11866,21.1
frame,lgw,Year 1, spring 1, Monday,11867,21.6
frame,lgw,Year 1, spring 1, Monday,11868,21.4
frame,lgw,Year 1, spring 1, Monday,11869,0.1
frame,lgw,Year 1, spring 1, Monday,11870,21.2
frame,lgw,Year 1, spring 1, Monday,11871,21.2
frame,lgw,Year 1, spring 1, Monday,11872,21.0
frame,lgw,Year 1, spring 1, Monday,11873,0.1
frame,lgw,Year 1, spring 1, Monday,11874,21.3
frame,lgw,Year 1, spring 1, Monday,11875,21.9
frame,lgw,Year 1, spring 1, Monday,11876,22.0
frame,lgw,Year 1, spring 1, Monday,11877,22.0
frame,lgw,Year 1, spring 1, Monday,11878,0.1
frame,lgw,Year 1, spring 1, Monday,11879,20.9
frame,lgw,Year 1, spring 1, Monday,11880,21.2
frame,lgw,Year 1, spring 1, Monday,11881,21.0
frame,lgw,Year 1, spring 1, Monday,11882,0.1
frame,lgw,Year 1, spring 1, Monday,11883,21.0
frame,lgw,Year 1, spring 1, Monday,11884,21.3
frame,lgw,Year 1, spring 1, Monday,11885,21.8
frame,lgw,Year 1, spring 1, Monday,11886,21.3
frame,lgw,Year 1, spring 1, Monday,11887,0.3
frame,lgw,Year 1, spring 1, Monday,11888,21.4
frame,lgw,Year 1, spring 1, Monday,11889,21.0
frame,lgw,Year 1, spring 1, Monday,11890,21.0
frame,lgw,Year 1, spring 1, Monday,11891,0.1
frame,lgw,Year 1, spring 1, Monday,11892,21.1
frame,lgw,Year 1, spring 1, Monday,11893,21.2
frame,lgw,Year 1, spring 1, Monday,11894,21.1
frame,lgw,Year 1, spring 1, Monday,11895,21.1
frame,lgw,Year 1, spring 1, Monday,11896,0.1
frame,lgw,Year 1, spring 1, Monday,11897,21.2
frame,lgw,Year 1, spring 1, Monday,11898,21.0
frame,lgw,Year 1, spring 1, Monday,11899,21.4
frame,lgw,Year 1, spring 1, Monday,11900,21.1
frame,lgw,Year 1, spring 1, Monday,11901,0.2
frame,lgw,Year 1, spring 1, Monday,11902,20.8
frame,lgw,Year 1, spring 1, Monday,11903,21.5
frame,lgw,Year 1, spring 1, Monday,11904,20.9
frame,lgw,Year 1, spring 1, Monday,11905,0.1
frame,lgw,Year 1, spring 1, Monday,11906,21.1
frame,lgw,Year 1, spring 1, Monday,11907,21.1
frame,lgw,Year 1, spring 1, Monday,11908,20.9
frame,lgw,Year 1, spring 1, Monday,11909,21.1
frame,lgw,Year 1, spring 1, Monday,11910,0.1
frame,lgw,Year 1, spring 1, Monday,11911,21.1
frame,lgw,Year 1, spring 1, Monday,11912,20.9
frame,lgw,Year 1, spring 1, Monday,11913,21.0
frame,lgw,Year 1, spring 1, Monday,11914,21.3
frame,lgw,Year 1, spring 1, Monday,11915,0.1
frame,lgw,Year 1, spring 1, Monday,11916,21.7
frame,lgw,Year 1, spring 1, Monday,11917,21.5
frame,lgw,Year 1, spring 1, Monday,11918,20.8
frame,lgw,Year 1, spring 1, Monday,11919,22.0
frame,lgw,Year 1, spring 1, Monday,11920,0.1
frame,lgw,Year 1, spring 1, Monday,11921,20.8
frame,lgw,Year 1, spring 1, Monday,11922,20.8
frame,lgw,Year 1, spring 1, Monday,11923,21.0
frame,lgw,Year 1, spring 1, Monday,11924,0.1
frame,lgw,Year 1, spring 1, Monday,11925,21.0
frame,lgw,Year 1, spring 1, Monday,11926,21.3
frame,lgw,Year 1, spring 1, Monday,11927,21.8
frame,lgw,Year 1, spring 1, Monday,11928,21.9
frame,lgw,Year 1, spring 1, Monday,11929,0.2
frame,lgw,Year 1, spring 1, Monday,11930,21.4
frame,lgw,Year 1, spring 1, Monday,11931,21.1
frame,lgw,Year 1, spring 1, Monday,11932,20.8
frame,lgw,Year 1, spring 1, Monday,11933,0.1
frame,lgw,Year 1, spring 1, Monday,11934,21.1
frame,lgw,Year 1, spring 1, Monday,11935,21.3
frame,lgw,Year 1, spring 1, Monday,11936,22.4
frame,lgw,Year 1, spring 1, Monday,11937,21.6
frame,lgw,Year 1, spring 1, Monday,11938,0.1
frame,lgw,Year 1, spring 1, Monday,11939,21.2
frame,lgw,Year 1, spring 1, Monday,11940,21.0
frame,lgw,Year 1, spring 1, Monday,11941,21.5
frame,lgw,Year 1, spring 1, Monday,11942,0.1
frame,lgw,Year 1, spring 1, Monday,11943,21.2
frame,lgw,Year 1, spring 1, Monday,11944,21.4
frame,lgw,Year 1, spring 1, Monday,11945,20.9
frame,lgw,Year 1, spring 1, Monday,11946,21.3
frame,lgw,Year 1, spring 1, Monday,11947,0.1
frame,lgw,Year 1, spring 1, Monday,11948,21.8
frame,lgw,Year 1, spring 1, Monday,11949,21.0
frame,lgw,Year 1, spring 1, Monday,11950,21.3
frame,lgw,Year 1, spring 1, Monday,11951,0.1
frame,lgw,Year 1, spring 1, Monday,11952,20.9
frame,lgw,Year 1, spring 1, Monday,11953,20.9
frame,lgw,Year 1, spring 1, Monday,11954,21.3
frame,lgw,Year 1, spring 1, Monday,11955,20.9
frame,lgw,Year 1, spring 1, Monday,11956,0.1
frame,lgw,Year 1, spring 1, Monday,11957,20.9
frame,lgw,Year 1, spring 1, Monday,11958,20.9
frame,lgw,Year 1, spring 1, Monday,11959,21.5
frame,lgw,Year 1, spring 1, Monday,11960,21.0
frame,lgw,Year 1, spring 1, Monday,11961,0.1
frame,lgw,Year 1, spring 1, Monday,11962,20.9
frame,lgw,Year 1, spring 1, Monday,11963,21.2
frame,lgw,Year 1, spring 1, Monday,11964,21.0
frame,lgw,Year 1, spring 1, Monday,11965,21.1
frame,lgw,Year 1, spring 1, Monday,11966,0.1
frame,lgw,Year 1, spring 1, Monday,11967,20.8
frame,lgw,Year 1, spring 1, Monday,11968,21.1
frame,lgw,Year 1, spring 1, Monday,11969,21.7
frame,lgw,Year 1, spring 1, Monday,11970,21.6
frame,lgw,Year 1, spring 1, Monday,11971,0.1
frame,lgw,Year 1, spring 1, Monday,11972,20.9
frame,lgw,Year 1, spring 1, Monday,11973,22.3
frame,lgw,Year 1, spring 1, Monday,11974,21.5
frame,lgw,Year 1, spring 1, Monday,11975,0.1
frame,lgw,Year 1, spring 1, Monday,11976,21.1
frame,lgw,Year 1, spring 1, Monday,11977,21.6
frame,lgw,Year 1, spring 1, Monday,11978,20.9
frame,lgw,Year 1, spring 1, Monday,11979,21.6
frame,lgw,Year 1, spring 1, Monday,11980,0.1
frame,lgw,Year 1, spring 1, Monday,11981,21.2
frame,lgw,Year 1, spring 1, Monday,11982,22.0
frame,lgw,Year 1, spring 1, Monday,11983,21.1
frame,lgw,Year 1, spring 1, Monday,11984,0.1
frame,lgw,Year 1, spring 1, Monday,11985,21.0
frame,lgw,Year 1, spring 1, Monday,11986,20.9
frame,lgw,Year 1, spring 1, Monday,11987,21.0
frame,lgw,Year 1, spring 1, Monday,11988,21.4
frame,lgw,Year 1, spring 1, Monday,11989,0.1
frame,lgw,Year 1, spring 1, Monday,11990,20.9
frame,lgw,Year 1, spring 1, Monday,11991,21.7
frame,lgw,Year 1, spring 1, Monday,11992,21.5
frame,lgw,Year 1, spring 1, Monday,11993,0.1
frame,lgw,Year 1, spring 1, Monday,11994,21.0
frame,lgw,Year 1, spring 1, Monday,11995,20.7
frame,lgw,Year 1, spring 1, Monday,11996,21.5
frame,lgw,Year 1, spring 1, Monday,11997,22.4
frame,lgw,Year 1, spring 1, Monday,11998,0.1
frame,lgw,Year 1, spring 1, Monday,11999,20.9
